caso_anonimo,repeticao,uso,servidor,operacao,etapa,duracao_ms
146ca2a37cf8815d,R1,principal,donna_teste,inspect,dossier_build,3.5109999880660325
146ca2a37cf8815d,R1,principal,donna_teste,inspect,dossier_build,2.1149000094737858
146ca2a37cf8815d,R1,principal,donna_teste,inspect,dossier_build,2.078199991956353
146ca2a37cf8815d,R1,principal,donna_teste,inspect,dossier_build,7.831499999156222
146ca2a37cf8815d,R1,principal,donna_teste,inspect,dossier_build,2.45349999750033
146ca2a37cf8815d,R1,principal,donna_teste,inspect,evidence_persistence,9.472900012042373
146ca2a37cf8815d,R1,principal,donna_teste,inspect,evidence_persistence,16.35859999805689
146ca2a37cf8815d,R1,principal,donna_teste,inspect,evidence_persistence,8.75180002185516
146ca2a37cf8815d,R1,principal,donna_teste,inspect,evidence_persistence,53.30940001294948
146ca2a37cf8815d,R1,principal,donna_teste,inspect,evidence_persistence,8.5131999803707
146ca2a37cf8815d,R1,principal,donna_teste,inspect,integrity_check,166.61079999175854
146ca2a37cf8815d,R1,principal,donna_teste,inspect,integrity_check,13.530700001865625
146ca2a37cf8815d,R1,principal,donna_teste,inspect,integrity_check,13.124499993864447
146ca2a37cf8815d,R1,principal,donna_teste,inspect,integrity_check,44.617800012929365
146ca2a37cf8815d,R1,principal,donna_teste,inspect,integrity_check,12.60100002400577
146ca2a37cf8815d,R1,principal,donna_teste,record_assessment,assessment_persistence,5.766699992818758
146ca2a37cf8815d,R2,principal,donna_teste,inspect,dossier_build,4.139299999224022
146ca2a37cf8815d,R2,principal,donna_teste,inspect,dossier_build,2.4739000073168427
146ca2a37cf8815d,R2,principal,donna_teste,inspect,dossier_build,2.3651000228710473
146ca2a37cf8815d,R2,principal,donna_teste,inspect,dossier_build,2.200299990363419
146ca2a37cf8815d,R2,principal,donna_teste,inspect,dossier_build,2.3395999742206186
146ca2a37cf8815d,R2,principal,donna_teste,inspect,evidence_persistence,11.609199980739504
146ca2a37cf8815d,R2,principal,donna_teste,inspect,evidence_persistence,17.146300000604242
146ca2a37cf8815d,R2,principal,donna_teste,inspect,evidence_persistence,10.253199987346306
146ca2a37cf8815d,R2,principal,donna_teste,inspect,evidence_persistence,14.852199994493276
146ca2a37cf8815d,R2,principal,donna_teste,inspect,evidence_persistence,14.134000026388094
146ca2a37cf8815d,R2,principal,donna_teste,inspect,integrity_check,331.70629999949597
146ca2a37cf8815d,R2,principal,donna_teste,inspect,integrity_check,14.563100005034357
146ca2a37cf8815d,R2,principal,donna_teste,inspect,integrity_check,14.095699996687472
146ca2a37cf8815d,R2,principal,donna_teste,inspect,integrity_check,15.646100015146658
146ca2a37cf8815d,R2,principal,donna_teste,inspect,integrity_check,37.306200014427304
146ca2a37cf8815d,R2,principal,donna_teste,record_assessment,assessment_persistence,9.325599996373057
179b7a527effb9ac,R1,principal,filesystem_teste,inspect,dossier_build,246.7703000002075
179b7a527effb9ac,R1,principal,filesystem_teste,inspect,dossier_build,247.79389999457635
179b7a527effb9ac,R1,principal,filesystem_teste,inspect,dossier_build,276.43969998462126
179b7a527effb9ac,R1,principal,filesystem_teste,inspect,dossier_build,259.26299998536706
179b7a527effb9ac,R1,principal,filesystem_teste,inspect,dossier_build,268.8456999894697
179b7a527effb9ac,R1,principal,filesystem_teste,inspect,dossier_build,265.0265999836847
179b7a527effb9ac,R1,principal,filesystem_teste,inspect,dossier_build,239.06150000402704
179b7a527effb9ac,R1,principal,filesystem_teste,inspect,evidence_persistence,10.149599984288216
179b7a527effb9ac,R1,principal,filesystem_teste,inspect,evidence_persistence,39.24569999799132
179b7a527effb9ac,R1,principal,filesystem_teste,inspect,evidence_persistence,423.9920000254642
179b7a527effb9ac,R1,principal,filesystem_teste,inspect,evidence_persistence,15.452300023753196
179b7a527effb9ac,R1,principal,filesystem_teste,inspect,evidence_persistence,39.298599993344396
179b7a527effb9ac,R1,principal,filesystem_teste,inspect,evidence_persistence,11.42620001337491
179b7a527effb9ac,R1,principal,filesystem_teste,inspect,evidence_persistence,10.355699982028455
179b7a527effb9ac,R1,principal,filesystem_teste,inspect,integrity_check,2210.4675000009593
179b7a527effb9ac,R1,principal,filesystem_teste,inspect,integrity_check,2151.079999981448
179b7a527effb9ac,R1,principal,filesystem_teste,inspect,integrity_check,3091.1210000049323
179b7a527effb9ac,R1,principal,filesystem_teste,inspect,integrity_check,7339.597899990622
179b7a527effb9ac,R1,principal,filesystem_teste,inspect,integrity_check,2234.2577000090387
179b7a527effb9ac,R1,principal,filesystem_teste,inspect,integrity_check,37303.53220002144
179b7a527effb9ac,R1,principal,filesystem_teste,inspect,integrity_check,3161.054399999557
179b7a527effb9ac,R1,principal,filesystem_teste,record_assessment,assessment_persistence,6.563100003404543
179b7a527effb9ac,R2,principal,filesystem_teste,inspect,dossier_build,243.9316000090912
179b7a527effb9ac,R2,principal,filesystem_teste,inspect,dossier_build,246.03549999301322
179b7a527effb9ac,R2,principal,filesystem_teste,inspect,dossier_build,239.35039999196306
179b7a527effb9ac,R2,principal,filesystem_teste,inspect,dossier_build,256.0816000041086
179b7a527effb9ac,R2,principal,filesystem_teste,inspect,dossier_build,252.90330001735128
179b7a527effb9ac,R2,principal,filesystem_teste,inspect,evidence_persistence,10.380699997767806
179b7a527effb9ac,R2,principal,filesystem_teste,inspect,evidence_persistence,11.61129999672994
179b7a527effb9ac,R2,principal,filesystem_teste,inspect,evidence_persistence,10.589999990770593
179b7a527effb9ac,R2,principal,filesystem_teste,inspect,evidence_persistence,10.184899991145357
179b7a527effb9ac,R2,principal,filesystem_teste,inspect,evidence_persistence,11.83059997856617
179b7a527effb9ac,R2,principal,filesystem_teste,inspect,integrity_check,2248.0808999971487
179b7a527effb9ac,R2,principal,filesystem_teste,inspect,integrity_check,2152.196200011531
179b7a527effb9ac,R2,principal,filesystem_teste,inspect,integrity_check,2121.279700018931
179b7a527effb9ac,R2,principal,filesystem_teste,inspect,integrity_check,35092.44690000196
179b7a527effb9ac,R2,principal,filesystem_teste,inspect,integrity_check,7934.879599983105
179b7a527effb9ac,R2,principal,filesystem_teste,record_assessment,assessment_persistence,5.395499989390373
19d8eecf24074518,R1,principal,donna_teste,inspect,dossier_build,3.6054999800398946
19d8eecf24074518,R1,principal,donna_teste,inspect,dossier_build,2.599200000986457
19d8eecf24074518,R1,principal,donna_teste,inspect,dossier_build,2.6027999992948025
19d8eecf24074518,R1,principal,donna_teste,inspect,dossier_build,5.908499995712191
19d8eecf24074518,R1,principal,donna_teste,inspect,dossier_build,2.3824000090826303
19d8eecf24074518,R1,principal,donna_teste,inspect,evidence_persistence,9.991300001274794
19d8eecf24074518,R1,principal,donna_teste,inspect,evidence_persistence,10.086299997055903
19d8eecf24074518,R1,principal,donna_teste,inspect,evidence_persistence,10.853399988263845
19d8eecf24074518,R1,principal,donna_teste,inspect,evidence_persistence,9.238200000254437
19d8eecf24074518,R1,principal,donna_teste,inspect,evidence_persistence,9.327700012363493
19d8eecf24074518,R1,principal,donna_teste,inspect,integrity_check,34.333899995544925
19d8eecf24074518,R1,principal,donna_teste,inspect,integrity_check,13.414699991699308
19d8eecf24074518,R1,principal,donna_teste,inspect,integrity_check,13.159500027541071
19d8eecf24074518,R1,principal,donna_teste,inspect,integrity_check,217.1911000041291
19d8eecf24074518,R1,principal,donna_teste,inspect,integrity_check,12.355399987427518
19d8eecf24074518,R1,principal,donna_teste,record_assessment,assessment_persistence,7.148100004997104
19d8eecf24074518,R2,principal,donna_teste,inspect,dossier_build,5.005899991374463
19d8eecf24074518,R2,principal,donna_teste,inspect,dossier_build,2.8680999821517617
19d8eecf24074518,R2,principal,donna_teste,inspect,dossier_build,2.394000010099262
19d8eecf24074518,R2,principal,donna_teste,inspect,dossier_build,25.384700013091788
19d8eecf24074518,R2,principal,donna_teste,inspect,dossier_build,2.6360999909229577
19d8eecf24074518,R2,principal,donna_teste,inspect,evidence_persistence,11.20229999651201
19d8eecf24074518,R2,principal,donna_teste,inspect,evidence_persistence,8.784000005107373
19d8eecf24074518,R2,principal,donna_teste,inspect,evidence_persistence,9.038799995323643
19d8eecf24074518,R2,principal,donna_teste,inspect,evidence_persistence,11.274099990259856
19d8eecf24074518,R2,principal,donna_teste,inspect,evidence_persistence,9.788700001081452
19d8eecf24074518,R2,principal,donna_teste,inspect,integrity_check,395.8201000059489
19d8eecf24074518,R2,principal,donna_teste,inspect,integrity_check,12.868100020568818
19d8eecf24074518,R2,principal,donna_teste,inspect,integrity_check,12.266600009752437
19d8eecf24074518,R2,principal,donna_teste,inspect,integrity_check,36.78669998771511
19d8eecf24074518,R2,principal,donna_teste,inspect,integrity_check,12.487400003010407
19d8eecf24074518,R2,principal,donna_teste,record_assessment,assessment_persistence,5.198400001972914
3342b4e94b7ce057,R1,principal,donna_teste,inspect,dossier_build,3.1967000104486942
3342b4e94b7ce057,R1,principal,donna_teste,inspect,dossier_build,2.304800000274554
3342b4e94b7ce057,R1,principal,donna_teste,inspect,dossier_build,2.287300012540072
3342b4e94b7ce057,R1,principal,donna_teste,inspect,dossier_build,2.334699995117262
3342b4e94b7ce057,R1,principal,donna_teste,inspect,dossier_build,4.950200003804639
3342b4e94b7ce057,R1,principal,donna_teste,inspect,evidence_persistence,8.341099979588762
3342b4e94b7ce057,R1,principal,donna_teste,inspect,evidence_persistence,9.023899998283014
3342b4e94b7ce057,R1,principal,donna_teste,inspect,evidence_persistence,8.631299977423623
3342b4e94b7ce057,R1,principal,donna_teste,inspect,evidence_persistence,60.60050000087358
3342b4e94b7ce057,R1,principal,donna_teste,inspect,evidence_persistence,9.157399996183813
3342b4e94b7ce057,R1,principal,donna_teste,inspect,integrity_check,37.41349998745136
3342b4e94b7ce057,R1,principal,donna_teste,inspect,integrity_check,12.8231999988202
3342b4e94b7ce057,R1,principal,donna_teste,inspect,integrity_check,13.028499990468845
3342b4e94b7ce057,R1,principal,donna_teste,inspect,integrity_check,12.74340000236407
3342b4e94b7ce057,R1,principal,donna_teste,inspect,integrity_check,188.79220000235364
3342b4e94b7ce057,R1,principal,donna_teste,record_assessment,assessment_persistence,5.436399980681017
3342b4e94b7ce057,R2,principal,donna_teste,inspect,dossier_build,2.231899998150766
3342b4e94b7ce057,R2,principal,donna_teste,inspect,dossier_build,2.2385999909602106
3342b4e94b7ce057,R2,principal,donna_teste,inspect,dossier_build,5.772200005594641
3342b4e94b7ce057,R2,principal,donna_teste,inspect,dossier_build,2.3117999953683466
3342b4e94b7ce057,R2,principal,donna_teste,inspect,dossier_build,2.6058999937959015
3342b4e94b7ce057,R2,principal,donna_teste,inspect,evidence_persistence,8.741300000110641
3342b4e94b7ce057,R2,principal,donna_teste,inspect,evidence_persistence,10.07489999756217
3342b4e94b7ce057,R2,principal,donna_teste,inspect,evidence_persistence,13.634199975058436
3342b4e94b7ce057,R2,principal,donna_teste,inspect,evidence_persistence,9.716000000480562
3342b4e94b7ce057,R2,principal,donna_teste,inspect,evidence_persistence,9.569499990902841
3342b4e94b7ce057,R2,principal,donna_teste,inspect,integrity_check,12.564299977384508
3342b4e94b7ce057,R2,principal,donna_teste,inspect,integrity_check,12.753300019539893
3342b4e94b7ce057,R2,principal,donna_teste,inspect,integrity_check,481.9681000080891
3342b4e94b7ce057,R2,principal,donna_teste,inspect,integrity_check,12.450400012312457
3342b4e94b7ce057,R2,principal,donna_teste,inspect,integrity_check,33.61220000078902
3342b4e94b7ce057,R2,principal,donna_teste,record_assessment,assessment_persistence,5.557800002861768
373158e82b30e82f,R1,principal,git_teste,inspect,dossier_build,1.5460999857168645
373158e82b30e82f,R1,principal,git_teste,inspect,dossier_build,3.5358000022824854
373158e82b30e82f,R1,principal,git_teste,inspect,dossier_build,1.427400013199076
373158e82b30e82f,R1,principal,git_teste,inspect,dossier_build,2.205700002377853
373158e82b30e82f,R1,principal,git_teste,inspect,dossier_build,1.586200000019744
373158e82b30e82f,R1,principal,git_teste,inspect,evidence_persistence,12.012399995001033
373158e82b30e82f,R1,principal,git_teste,inspect,evidence_persistence,7.941799995023757
373158e82b30e82f,R1,principal,git_teste,inspect,evidence_persistence,7.833099982235581
373158e82b30e82f,R1,principal,git_teste,inspect,evidence_persistence,8.066800015512854
373158e82b30e82f,R1,principal,git_teste,inspect,evidence_persistence,7.717900007264689
373158e82b30e82f,R1,principal,git_teste,inspect,integrity_check,9.779000014532357
373158e82b30e82f,R1,principal,git_teste,inspect,integrity_check,116.96949999895878
373158e82b30e82f,R1,principal,git_teste,inspect,integrity_check,9.01559999329038
373158e82b30e82f,R1,principal,git_teste,inspect,integrity_check,21.445099991979077
373158e82b30e82f,R1,principal,git_teste,inspect,integrity_check,9.367799997562543
373158e82b30e82f,R1,principal,git_teste,record_assessment,assessment_persistence,7.493599987355992
373158e82b30e82f,R2,principal,git_teste,inspect,dossier_build,8.01250000949949
373158e82b30e82f,R2,principal,git_teste,inspect,dossier_build,1.3359999866224825
373158e82b30e82f,R2,principal,git_teste,inspect,dossier_build,1.3900999911129475
373158e82b30e82f,R2,principal,git_teste,inspect,dossier_build,1.352099992800504
373158e82b30e82f,R2,principal,git_teste,inspect,dossier_build,1.639399997657165
373158e82b30e82f,R2,principal,git_teste,inspect,evidence_persistence,56.44789998768829
373158e82b30e82f,R2,principal,git_teste,inspect,evidence_persistence,7.171700010076165
373158e82b30e82f,R2,principal,git_teste,inspect,evidence_persistence,8.12220000079833
373158e82b30e82f,R2,principal,git_teste,inspect,evidence_persistence,7.012699992628768
373158e82b30e82f,R2,principal,git_teste,inspect,evidence_persistence,8.04349998361431
373158e82b30e82f,R2,principal,git_teste,inspect,integrity_check,163.42689999146387
373158e82b30e82f,R2,principal,git_teste,inspect,integrity_check,9.017900010803714
373158e82b30e82f,R2,principal,git_teste,inspect,integrity_check,10.22750002448447
373158e82b30e82f,R2,principal,git_teste,inspect,integrity_check,9.01989999692887
373158e82b30e82f,R2,principal,git_teste,inspect,integrity_check,17.346000007819384
373158e82b30e82f,R2,principal,git_teste,record_assessment,assessment_persistence,5.179499974474311
43c66c16e1644c27,R1,principal,git_teste,inspect,dossier_build,1.7524000140838325
43c66c16e1644c27,R1,principal,git_teste,inspect,dossier_build,1.524399995105341
43c66c16e1644c27,R1,principal,git_teste,inspect,dossier_build,4.03139999252744
43c66c16e1644c27,R1,principal,git_teste,inspect,dossier_build,2.3335000150837004
43c66c16e1644c27,R1,principal,git_teste,inspect,dossier_build,1.5399999974761158
43c66c16e1644c27,R1,principal,git_teste,inspect,evidence_persistence,7.737099978839979
43c66c16e1644c27,R1,principal,git_teste,inspect,evidence_persistence,8.326800016220659
43c66c16e1644c27,R1,principal,git_teste,inspect,evidence_persistence,10.367000009864569
43c66c16e1644c27,R1,principal,git_teste,inspect,evidence_persistence,10.007599979871884
43c66c16e1644c27,R1,principal,git_teste,inspect,evidence_persistence,7.48960001510568
43c66c16e1644c27,R1,principal,git_teste,inspect,integrity_check,9.151400008704513
43c66c16e1644c27,R1,principal,git_teste,inspect,integrity_check,9.567100001731887
43c66c16e1644c27,R1,principal,git_teste,inspect,integrity_check,131.61189999664202
43c66c16e1644c27,R1,principal,git_teste,inspect,integrity_check,21.664400002919137
43c66c16e1644c27,R1,principal,git_teste,inspect,integrity_check,9.21720001497306
43c66c16e1644c27,R1,principal,git_teste,record_assessment,assessment_persistence,5.44039998203516
43c66c16e1644c27,R2,principal,git_teste,inspect,dossier_build,1.660999987507239
43c66c16e1644c27,R2,principal,git_teste,inspect,dossier_build,1.572999986819923
43c66c16e1644c27,R2,principal,git_teste,inspect,dossier_build,4.83150000218302
43c66c16e1644c27,R2,principal,git_teste,inspect,dossier_build,3.4832000092137605
43c66c16e1644c27,R2,principal,git_teste,inspect,dossier_build,3.9370000013150275
43c66c16e1644c27,R2,principal,git_teste,inspect,evidence_persistence,8.052400022279471
43c66c16e1644c27,R2,principal,git_teste,inspect,evidence_persistence,7.411400001728907
43c66c16e1644c27,R2,principal,git_teste,inspect,evidence_persistence,12.64249999076128
43c66c16e1644c27,R2,principal,git_teste,inspect,evidence_persistence,14.722899999469519
43c66c16e1644c27,R2,principal,git_teste,inspect,evidence_persistence,14.735799981281161
43c66c16e1644c27,R2,principal,git_teste,inspect,integrity_check,9.906999999657273
43c66c16e1644c27,R2,principal,git_teste,inspect,integrity_check,8.927099988795817
43c66c16e1644c27,R2,principal,git_teste,inspect,integrity_check,462.92560000438243
43c66c16e1644c27,R2,principal,git_teste,inspect,integrity_check,45.69299999275245
43c66c16e1644c27,R2,principal,git_teste,inspect,integrity_check,18.799600016791373
43c66c16e1644c27,R2,principal,git_teste,record_assessment,assessment_persistence,8.930100011639297
446866dcad0c3572,R1,principal,filesystem_teste,inspect,dossier_build,251.96349999168888
446866dcad0c3572,R1,principal,filesystem_teste,inspect,dossier_build,262.9302999994252
446866dcad0c3572,R1,principal,filesystem_teste,inspect,dossier_build,249.57780001568608
446866dcad0c3572,R1,principal,filesystem_teste,inspect,dossier_build,256.1423000006471
446866dcad0c3572,R1,principal,filesystem_teste,inspect,dossier_build,243.68230000254698
446866dcad0c3572,R1,principal,filesystem_teste,inspect,evidence_persistence,11.917900003027171
446866dcad0c3572,R1,principal,filesystem_teste,inspect,evidence_persistence,9.448600001633167
446866dcad0c3572,R1,principal,filesystem_teste,inspect,evidence_persistence,10.091000003740191
446866dcad0c3572,R1,principal,filesystem_teste,inspect,evidence_persistence,12.986899993848056
446866dcad0c3572,R1,principal,filesystem_teste,inspect,evidence_persistence,10.40689999354072
446866dcad0c3572,R1,principal,filesystem_teste,inspect,integrity_check,7198.437299986836
446866dcad0c3572,R1,principal,filesystem_teste,inspect,integrity_check,2108.6316000146326
446866dcad0c3572,R1,principal,filesystem_teste,inspect,integrity_check,2156.7414999881294
446866dcad0c3572,R1,principal,filesystem_teste,inspect,integrity_check,33398.69179998641
446866dcad0c3572,R1,principal,filesystem_teste,inspect,integrity_check,2521.58950001467
446866dcad0c3572,R1,principal,filesystem_teste,record_assessment,assessment_persistence,6.2448000244330615
446866dcad0c3572,R2,principal,filesystem_teste,inspect,dossier_build,288.5472999769263
446866dcad0c3572,R2,principal,filesystem_teste,inspect,dossier_build,255.76249998994172
446866dcad0c3572,R2,principal,filesystem_teste,inspect,dossier_build,266.35170000372455
446866dcad0c3572,R2,principal,filesystem_teste,inspect,dossier_build,267.5312999926973
446866dcad0c3572,R2,principal,filesystem_teste,inspect,dossier_build,333.4100999927614
446866dcad0c3572,R2,principal,filesystem_teste,inspect,evidence_persistence,11.44990001921542
446866dcad0c3572,R2,principal,filesystem_teste,inspect,evidence_persistence,249.10740001359954
446866dcad0c3572,R2,principal,filesystem_teste,inspect,evidence_persistence,15.294299984816462
446866dcad0c3572,R2,principal,filesystem_teste,inspect,evidence_persistence,11.850800015963614
446866dcad0c3572,R2,principal,filesystem_teste,inspect,evidence_persistence,14.3005000136327
446866dcad0c3572,R2,principal,filesystem_teste,inspect,integrity_check,2922.9261000000406
446866dcad0c3572,R2,principal,filesystem_teste,inspect,integrity_check,2660.427900002105
446866dcad0c3572,R2,principal,filesystem_teste,inspect,integrity_check,7824.669800000265
446866dcad0c3572,R2,principal,filesystem_teste,inspect,integrity_check,2694.128400005866
446866dcad0c3572,R2,principal,filesystem_teste,inspect,integrity_check,32937.60519998614
446866dcad0c3572,R2,principal,filesystem_teste,record_assessment,assessment_persistence,196.9614000117872
44e9f221111023df,R1,principal,filesystem_teste,inspect,dossier_build,262.7661000005901
44e9f221111023df,R1,principal,filesystem_teste,inspect,dossier_build,256.41189998714253
44e9f221111023df,R1,principal,filesystem_teste,inspect,dossier_build,247.28030001278967
44e9f221111023df,R1,principal,filesystem_teste,inspect,dossier_build,238.47710000700317
44e9f221111023df,R1,principal,filesystem_teste,inspect,dossier_build,233.53080000379123
44e9f221111023df,R1,principal,filesystem_teste,inspect,evidence_persistence,11.75500001409091
44e9f221111023df,R1,principal,filesystem_teste,inspect,evidence_persistence,12.052500009303913
44e9f221111023df,R1,principal,filesystem_teste,inspect,evidence_persistence,12.057499989168718
44e9f221111023df,R1,principal,filesystem_teste,inspect,evidence_persistence,10.227899998426437
44e9f221111023df,R1,principal,filesystem_teste,inspect,evidence_persistence,10.863600007724017
44e9f221111023df,R1,principal,filesystem_teste,inspect,integrity_check,35689.592299982905
44e9f221111023df,R1,principal,filesystem_teste,inspect,integrity_check,6773.603900015587
44e9f221111023df,R1,principal,filesystem_teste,inspect,integrity_check,2115.97119999351
44e9f221111023df,R1,principal,filesystem_teste,inspect,integrity_check,2093.1971999816597
44e9f221111023df,R1,principal,filesystem_teste,inspect,integrity_check,2167.3037000000477
44e9f221111023df,R1,principal,filesystem_teste,record_assessment,assessment_persistence,5.380000016884878
44e9f221111023df,R2,principal,filesystem_teste,inspect,dossier_build,237.63949997373857
44e9f221111023df,R2,principal,filesystem_teste,inspect,dossier_build,240.7715000153985
44e9f221111023df,R2,principal,filesystem_teste,inspect,dossier_build,270.518200006336
44e9f221111023df,R2,principal,filesystem_teste,inspect,dossier_build,232.5874000089243
44e9f221111023df,R2,principal,filesystem_teste,inspect,dossier_build,239.07430001418106
44e9f221111023df,R2,principal,filesystem_teste,inspect,evidence_persistence,10.198800009675324
44e9f221111023df,R2,principal,filesystem_teste,inspect,evidence_persistence,10.165499988943338
44e9f221111023df,R2,principal,filesystem_teste,inspect,evidence_persistence,10.354600002756342
44e9f221111023df,R2,principal,filesystem_teste,inspect,evidence_persistence,13.043099985225126
44e9f221111023df,R2,principal,filesystem_teste,inspect,evidence_persistence,10.527399979764596
44e9f221111023df,R2,principal,filesystem_teste,inspect,integrity_check,2190.052600024501
44e9f221111023df,R2,principal,filesystem_teste,inspect,integrity_check,2150.5075999884866
44e9f221111023df,R2,principal,filesystem_teste,inspect,integrity_check,33362.99120000331
44e9f221111023df,R2,principal,filesystem_teste,inspect,integrity_check,8990.404800017131
44e9f221111023df,R2,principal,filesystem_teste,inspect,integrity_check,2196.5680999855977
44e9f221111023df,R2,principal,filesystem_teste,record_assessment,assessment_persistence,5.774099990958348
467d6cd5c4610fb0,R1,principal,donna_teste,inspect,dossier_build,2.475200017215684
467d6cd5c4610fb0,R1,principal,donna_teste,inspect,dossier_build,2.736399997957051
467d6cd5c4610fb0,R1,principal,donna_teste,inspect,dossier_build,12.583999981870875
467d6cd5c4610fb0,R1,principal,donna_teste,inspect,dossier_build,2.6024999970104545
467d6cd5c4610fb0,R1,principal,donna_teste,inspect,dossier_build,3.084399999352172
467d6cd5c4610fb0,R1,principal,donna_teste,inspect,evidence_persistence,11.716799985151738
467d6cd5c4610fb0,R1,principal,donna_teste,inspect,evidence_persistence,9.49860000400804
467d6cd5c4610fb0,R1,principal,donna_teste,inspect,evidence_persistence,9.170600009383634
467d6cd5c4610fb0,R1,principal,donna_teste,inspect,evidence_persistence,10.041899979114532
467d6cd5c4610fb0,R1,principal,donna_teste,inspect,evidence_persistence,10.771599976578727
467d6cd5c4610fb0,R1,principal,donna_teste,inspect,integrity_check,13.57599999755621
467d6cd5c4610fb0,R1,principal,donna_teste,inspect,integrity_check,14.09149999381043
467d6cd5c4610fb0,R1,principal,donna_teste,inspect,integrity_check,303.5911000042688
467d6cd5c4610fb0,R1,principal,donna_teste,inspect,integrity_check,13.632700021844357
467d6cd5c4610fb0,R1,principal,donna_teste,inspect,integrity_check,35.254200018243864
467d6cd5c4610fb0,R1,principal,donna_teste,record_assessment,assessment_persistence,20.948999997926876
467d6cd5c4610fb0,R2,principal,donna_teste,inspect,dossier_build,5.482300010044128
467d6cd5c4610fb0,R2,principal,donna_teste,inspect,dossier_build,2.366700005950406
467d6cd5c4610fb0,R2,principal,donna_teste,inspect,dossier_build,2.3680999875068665
467d6cd5c4610fb0,R2,principal,donna_teste,inspect,dossier_build,4.7590000031050295
467d6cd5c4610fb0,R2,principal,donna_teste,inspect,dossier_build,5.8908000064548105
467d6cd5c4610fb0,R2,principal,donna_teste,inspect,evidence_persistence,16.73609999124892
467d6cd5c4610fb0,R2,principal,donna_teste,inspect,evidence_persistence,10.869399993680418
467d6cd5c4610fb0,R2,principal,donna_teste,inspect,evidence_persistence,8.55030000093393
467d6cd5c4610fb0,R2,principal,donna_teste,inspect,evidence_persistence,23.443100013537332
467d6cd5c4610fb0,R2,principal,donna_teste,inspect,evidence_persistence,15.251199976773933
467d6cd5c4610fb0,R2,principal,donna_teste,inspect,integrity_check,62.74900000425987
467d6cd5c4610fb0,R2,principal,donna_teste,inspect,integrity_check,12.472299975343049
467d6cd5c4610fb0,R2,principal,donna_teste,inspect,integrity_check,12.316800013650209
467d6cd5c4610fb0,R2,principal,donna_teste,inspect,integrity_check,4839.952399983304
467d6cd5c4610fb0,R2,principal,donna_teste,inspect,integrity_check,23.584900016430765
467d6cd5c4610fb0,R2,principal,donna_teste,record_assessment,assessment_persistence,8.873000013409182
50ee7fb034551898,R1,principal,filesystem_teste,inspect,dossier_build,259.9782999895979
50ee7fb034551898,R1,principal,filesystem_teste,inspect,dossier_build,254.54290001653135
50ee7fb034551898,R1,principal,filesystem_teste,inspect,dossier_build,242.80419998103753
50ee7fb034551898,R1,principal,filesystem_teste,inspect,dossier_build,255.1658000156749
50ee7fb034551898,R1,principal,filesystem_teste,inspect,dossier_build,261.72669997322373
50ee7fb034551898,R1,principal,filesystem_teste,inspect,evidence_persistence,10.4097000148613
50ee7fb034551898,R1,principal,filesystem_teste,inspect,evidence_persistence,60.87279997882433
50ee7fb034551898,R1,principal,filesystem_teste,inspect,evidence_persistence,9.65870000072755
50ee7fb034551898,R1,principal,filesystem_teste,inspect,evidence_persistence,11.297499993816018
50ee7fb034551898,R1,principal,filesystem_teste,inspect,evidence_persistence,12.62790002510883
50ee7fb034551898,R1,principal,filesystem_teste,inspect,integrity_check,5357.025600009365
50ee7fb034551898,R1,principal,filesystem_teste,inspect,integrity_check,11122.114199999487
50ee7fb034551898,R1,principal,filesystem_teste,inspect,integrity_check,2211.412900011055
50ee7fb034551898,R1,principal,filesystem_teste,inspect,integrity_check,36279.15319998283
50ee7fb034551898,R1,principal,filesystem_teste,inspect,integrity_check,2277.598200016655
50ee7fb034551898,R1,principal,filesystem_teste,record_assessment,assessment_persistence,5.863200000021607
50ee7fb034551898,R2,principal,filesystem_teste,inspect,dossier_build,273.4176999947522
50ee7fb034551898,R2,principal,filesystem_teste,inspect,dossier_build,232.59940001298673
50ee7fb034551898,R2,principal,filesystem_teste,inspect,dossier_build,244.28519999491982
50ee7fb034551898,R2,principal,filesystem_teste,inspect,dossier_build,261.52910001110286
50ee7fb034551898,R2,principal,filesystem_teste,inspect,dossier_build,228.96880001644604
50ee7fb034551898,R2,principal,filesystem_teste,inspect,evidence_persistence,36.22089998680167
50ee7fb034551898,R2,principal,filesystem_teste,inspect,evidence_persistence,10.678799997549504
50ee7fb034551898,R2,principal,filesystem_teste,inspect,evidence_persistence,9.950200008461252
50ee7fb034551898,R2,principal,filesystem_teste,inspect,evidence_persistence,10.578899993561208
50ee7fb034551898,R2,principal,filesystem_teste,inspect,evidence_persistence,9.584699990227818
50ee7fb034551898,R2,principal,filesystem_teste,inspect,integrity_check,37294.22290000366
50ee7fb034551898,R2,principal,filesystem_teste,inspect,integrity_check,7326.388899993617
50ee7fb034551898,R2,principal,filesystem_teste,inspect,integrity_check,2143.4315999795217
50ee7fb034551898,R2,principal,filesystem_teste,inspect,integrity_check,2191.5258999797516
50ee7fb034551898,R2,principal,filesystem_teste,inspect,integrity_check,2274.68719999888
50ee7fb034551898,R2,principal,filesystem_teste,record_assessment,assessment_persistence,5.806300003314391
5abc5716b8544474,R1,principal,filesystem_teste,inspect,dossier_build,254.10200000624172
5abc5716b8544474,R1,principal,filesystem_teste,inspect,dossier_build,234.05430000275373
5abc5716b8544474,R1,principal,filesystem_teste,inspect,dossier_build,260.90980001026765
5abc5716b8544474,R1,principal,filesystem_teste,inspect,dossier_build,252.89830000838265
5abc5716b8544474,R1,principal,filesystem_teste,inspect,dossier_build,251.02440000046045
5abc5716b8544474,R1,principal,filesystem_teste,inspect,evidence_persistence,9.91500000236556
5abc5716b8544474,R1,principal,filesystem_teste,inspect,evidence_persistence,10.964299988700077
5abc5716b8544474,R1,principal,filesystem_teste,inspect,evidence_persistence,10.288399993441999
5abc5716b8544474,R1,principal,filesystem_teste,inspect,evidence_persistence,11.965599987888709
5abc5716b8544474,R1,principal,filesystem_teste,inspect,evidence_persistence,11.407899990445003
5abc5716b8544474,R1,principal,filesystem_teste,inspect,integrity_check,2207.115499972133
5abc5716b8544474,R1,principal,filesystem_teste,inspect,integrity_check,2135.4007000045385
5abc5716b8544474,R1,principal,filesystem_teste,inspect,integrity_check,33743.80870000459
5abc5716b8544474,R1,principal,filesystem_teste,inspect,integrity_check,7376.4245999918785
5abc5716b8544474,R1,principal,filesystem_teste,inspect,integrity_check,2311.360199993942
5abc5716b8544474,R1,principal,filesystem_teste,record_assessment,assessment_persistence,15.438700007507578
5abc5716b8544474,R2,principal,filesystem_teste,inspect,dossier_build,234.0752999880351
5abc5716b8544474,R2,principal,filesystem_teste,inspect,dossier_build,230.90990001219325
5abc5716b8544474,R2,principal,filesystem_teste,inspect,dossier_build,259.45579999824986
5abc5716b8544474,R2,principal,filesystem_teste,inspect,dossier_build,245.39870000444353
5abc5716b8544474,R2,principal,filesystem_teste,inspect,dossier_build,255.87319998885505
5abc5716b8544474,R2,principal,filesystem_teste,inspect,evidence_persistence,11.054700007662177
5abc5716b8544474,R2,principal,filesystem_teste,inspect,evidence_persistence,10.859000001801178
5abc5716b8544474,R2,principal,filesystem_teste,inspect,evidence_persistence,24.427700001979247
5abc5716b8544474,R2,principal,filesystem_teste,inspect,evidence_persistence,10.514199995668605
5abc5716b8544474,R2,principal,filesystem_teste,inspect,evidence_persistence,11.686100013321266
5abc5716b8544474,R2,principal,filesystem_teste,inspect,integrity_check,2089.629199996125
5abc5716b8544474,R2,principal,filesystem_teste,inspect,integrity_check,2190.706699999282
5abc5716b8544474,R2,principal,filesystem_teste,inspect,integrity_check,35094.85960000893
5abc5716b8544474,R2,principal,filesystem_teste,inspect,integrity_check,2926.03119998239
5abc5716b8544474,R2,principal,filesystem_teste,inspect,integrity_check,6670.453900005668
5abc5716b8544474,R2,principal,filesystem_teste,record_assessment,assessment_persistence,6.432100024539977
718c3e108ba0e654,R1,principal,git_teste,inspect,dossier_build,4.177399998297915
718c3e108ba0e654,R1,principal,git_teste,inspect,dossier_build,1.4007999852765352
718c3e108ba0e654,R1,principal,git_teste,inspect,dossier_build,2.351200004341081
718c3e108ba0e654,R1,principal,git_teste,inspect,dossier_build,1.3760000001639128
718c3e108ba0e654,R1,principal,git_teste,inspect,dossier_build,1.6089999990072101
718c3e108ba0e654,R1,principal,git_teste,inspect,evidence_persistence,7.877800002461299
718c3e108ba0e654,R1,principal,git_teste,inspect,evidence_persistence,7.066600024700165
718c3e108ba0e654,R1,principal,git_teste,inspect,evidence_persistence,10.305800009518862
718c3e108ba0e654,R1,principal,git_teste,inspect,evidence_persistence,7.405599986668676
718c3e108ba0e654,R1,principal,git_teste,inspect,evidence_persistence,8.474600006593391
718c3e108ba0e654,R1,principal,git_teste,inspect,integrity_check,101.24310001265258
718c3e108ba0e654,R1,principal,git_teste,inspect,integrity_check,9.035600000061095
718c3e108ba0e654,R1,principal,git_teste,inspect,integrity_check,9.943699988070875
718c3e108ba0e654,R1,principal,git_teste,inspect,integrity_check,9.332899993751198
718c3e108ba0e654,R1,principal,git_teste,inspect,integrity_check,17.985999991651624
718c3e108ba0e654,R1,principal,git_teste,record_assessment,assessment_persistence,6.585299997823313
718c3e108ba0e654,R2,principal,git_teste,inspect,dossier_build,1.5477999986615032
718c3e108ba0e654,R2,principal,git_teste,inspect,dossier_build,1.3777999847661704
718c3e108ba0e654,R2,principal,git_teste,inspect,dossier_build,3.3118999854195863
718c3e108ba0e654,R2,principal,git_teste,inspect,dossier_build,1.7297000158578157
718c3e108ba0e654,R2,principal,git_teste,inspect,dossier_build,1.3550999865401536
718c3e108ba0e654,R2,principal,git_teste,inspect,evidence_persistence,8.910800010198727
718c3e108ba0e654,R2,principal,git_teste,inspect,evidence_persistence,7.876999996369705
718c3e108ba0e654,R2,principal,git_teste,inspect,evidence_persistence,8.370499999728054
718c3e108ba0e654,R2,principal,git_teste,inspect,evidence_persistence,7.981000002473593
718c3e108ba0e654,R2,principal,git_teste,inspect,evidence_persistence,7.39920002524741
718c3e108ba0e654,R2,principal,git_teste,inspect,integrity_check,11.4764999889303
718c3e108ba0e654,R2,principal,git_teste,inspect,integrity_check,8.65410000551492
718c3e108ba0e654,R2,principal,git_teste,inspect,integrity_check,92.30980000575073
718c3e108ba0e654,R2,principal,git_teste,inspect,integrity_check,18.733699980657548
718c3e108ba0e654,R2,principal,git_teste,inspect,integrity_check,8.888799988199025
718c3e108ba0e654,R2,principal,git_teste,record_assessment,assessment_persistence,5.934299988439307
718c3e108ba0e654,R3,diagnostico,git_teste,inspect,dossier_build,1.725299982354045
718c3e108ba0e654,R3,diagnostico,git_teste,inspect,dossier_build,3.739399980986491
718c3e108ba0e654,R3,diagnostico,git_teste,inspect,dossier_build,1.4126999885775149
718c3e108ba0e654,R3,diagnostico,git_teste,inspect,dossier_build,1.5652999863959849
718c3e108ba0e654,R3,diagnostico,git_teste,inspect,dossier_build,1.3937999901827425
718c3e108ba0e654,R3,diagnostico,git_teste,inspect,evidence_persistence,8.930900017730892
718c3e108ba0e654,R3,diagnostico,git_teste,inspect,evidence_persistence,9.528499998850748
718c3e108ba0e654,R3,diagnostico,git_teste,inspect,evidence_persistence,7.163400005083531
718c3e108ba0e654,R3,diagnostico,git_teste,inspect,evidence_persistence,8.353500015800819
718c3e108ba0e654,R3,diagnostico,git_teste,inspect,evidence_persistence,7.681599992793053
718c3e108ba0e654,R3,diagnostico,git_teste,inspect,integrity_check,19.655800017062575
718c3e108ba0e654,R3,diagnostico,git_teste,inspect,integrity_check,170.92850001063198
718c3e108ba0e654,R3,diagnostico,git_teste,inspect,integrity_check,9.266600012779236
718c3e108ba0e654,R3,diagnostico,git_teste,inspect,integrity_check,9.326100000180304
718c3e108ba0e654,R3,diagnostico,git_teste,inspect,integrity_check,8.731900015845895
718c3e108ba0e654,R3,diagnostico,git_teste,record_assessment,assessment_persistence,4.934800002956763
8ba4fab8698ecb18,R1,principal,donna_teste,inspect,dossier_build,2.6575000083539635
8ba4fab8698ecb18,R1,principal,donna_teste,inspect,dossier_build,2.268800017191097
8ba4fab8698ecb18,R1,principal,donna_teste,inspect,dossier_build,2.3950000177137554
8ba4fab8698ecb18,R1,principal,donna_teste,inspect,dossier_build,5.036699993070215
8ba4fab8698ecb18,R1,principal,donna_teste,inspect,dossier_build,2.355500007979572
8ba4fab8698ecb18,R1,principal,donna_teste,inspect,evidence_persistence,8.880100009264424
8ba4fab8698ecb18,R1,principal,donna_teste,inspect,evidence_persistence,10.998599987942725
8ba4fab8698ecb18,R1,principal,donna_teste,inspect,evidence_persistence,8.410599984927103
8ba4fab8698ecb18,R1,principal,donna_teste,inspect,evidence_persistence,11.777500010794029
8ba4fab8698ecb18,R1,principal,donna_teste,inspect,evidence_persistence,9.08509999862872
8ba4fab8698ecb18,R1,principal,donna_teste,inspect,integrity_check,34.32909998809919
8ba4fab8698ecb18,R1,principal,donna_teste,inspect,integrity_check,13.184999988880008
8ba4fab8698ecb18,R1,principal,donna_teste,inspect,integrity_check,12.59669999126345
8ba4fab8698ecb18,R1,principal,donna_teste,inspect,integrity_check,240.62329999287613
8ba4fab8698ecb18,R1,principal,donna_teste,inspect,integrity_check,12.666399998124689
8ba4fab8698ecb18,R1,principal,donna_teste,record_assessment,assessment_persistence,5.4078999964986
8ba4fab8698ecb18,R2,principal,donna_teste,inspect,dossier_build,2.238099987152964
8ba4fab8698ecb18,R2,principal,donna_teste,inspect,dossier_build,3.5516999778337777
8ba4fab8698ecb18,R2,principal,donna_teste,inspect,dossier_build,4.6971999981906265
8ba4fab8698ecb18,R2,principal,donna_teste,inspect,dossier_build,4.745500016724691
8ba4fab8698ecb18,R2,principal,donna_teste,inspect,dossier_build,3.037399990716949
8ba4fab8698ecb18,R2,principal,donna_teste,inspect,evidence_persistence,8.702799997990951
8ba4fab8698ecb18,R2,principal,donna_teste,inspect,evidence_persistence,12.936200015246868
8ba4fab8698ecb18,R2,principal,donna_teste,inspect,evidence_persistence,11.195900005986914
8ba4fab8698ecb18,R2,principal,donna_teste,inspect,evidence_persistence,19.97369999298826
8ba4fab8698ecb18,R2,principal,donna_teste,inspect,evidence_persistence,8.558700006688014
8ba4fab8698ecb18,R2,principal,donna_teste,inspect,integrity_check,13.129200000548735
8ba4fab8698ecb18,R2,principal,donna_teste,inspect,integrity_check,50.422900007106364
8ba4fab8698ecb18,R2,principal,donna_teste,inspect,integrity_check,225.38660001009703
8ba4fab8698ecb18,R2,principal,donna_teste,inspect,integrity_check,15.765199990710244
8ba4fab8698ecb18,R2,principal,donna_teste,inspect,integrity_check,13.872699986677617
8ba4fab8698ecb18,R2,principal,donna_teste,record_assessment,assessment_persistence,5.45819997205399
8ba4fab8698ecb18,R3,diagnostico,donna_teste,inspect,dossier_build,2.2532000148203224
8ba4fab8698ecb18,R3,diagnostico,donna_teste,inspect,dossier_build,29.792499990435317
8ba4fab8698ecb18,R3,diagnostico,donna_teste,inspect,dossier_build,3.3589999948162585
8ba4fab8698ecb18,R3,diagnostico,donna_teste,inspect,dossier_build,3.238599980250001
8ba4fab8698ecb18,R3,diagnostico,donna_teste,inspect,dossier_build,2.6489000010769814
8ba4fab8698ecb18,R3,diagnostico,donna_teste,inspect,dossier_build,3.92029999056831
8ba4fab8698ecb18,R3,diagnostico,donna_teste,inspect,dossier_build,4.0791000064928085
8ba4fab8698ecb18,R3,diagnostico,donna_teste,inspect,evidence_persistence,9.535299992421642
8ba4fab8698ecb18,R3,diagnostico,donna_teste,inspect,evidence_persistence,192.38960000802763
8ba4fab8698ecb18,R3,diagnostico,donna_teste,inspect,evidence_persistence,10.716899996623397
8ba4fab8698ecb18,R3,diagnostico,donna_teste,inspect,evidence_persistence,8.117899997159839
8ba4fab8698ecb18,R3,diagnostico,donna_teste,inspect,evidence_persistence,8.570300007704645
8ba4fab8698ecb18,R3,diagnostico,donna_teste,inspect,evidence_persistence,10.030700010247529
8ba4fab8698ecb18,R3,diagnostico,donna_teste,inspect,evidence_persistence,15.950700006214902
8ba4fab8698ecb18,R3,diagnostico,donna_teste,inspect,integrity_check,13.922099984483793
8ba4fab8698ecb18,R3,diagnostico,donna_teste,inspect,integrity_check,585.8722999983002
8ba4fab8698ecb18,R3,diagnostico,donna_teste,inspect,integrity_check,19.629299989901483
8ba4fab8698ecb18,R3,diagnostico,donna_teste,inspect,integrity_check,14.23240001895465
8ba4fab8698ecb18,R3,diagnostico,donna_teste,inspect,integrity_check,13.05740000680089
8ba4fab8698ecb18,R3,diagnostico,donna_teste,inspect,integrity_check,156.1478000076022
8ba4fab8698ecb18,R3,diagnostico,donna_teste,inspect,integrity_check,17.774199979612604
8ba4fab8698ecb18,R3,diagnostico,donna_teste,record_assessment,assessment_persistence,5.581899982644245
975aa2f44fa02810,R1,principal,git_teste,inspect,dossier_build,1.6667000018060207
975aa2f44fa02810,R1,principal,git_teste,inspect,dossier_build,3.0002999992575496
975aa2f44fa02810,R1,principal,git_teste,inspect,dossier_build,3.625800018198788
975aa2f44fa02810,R1,principal,git_teste,inspect,dossier_build,1.67269998928532
975aa2f44fa02810,R1,principal,git_teste,inspect,dossier_build,1.5033000090625137
975aa2f44fa02810,R1,principal,git_teste,inspect,evidence_persistence,8.192600012989715
975aa2f44fa02810,R1,principal,git_teste,inspect,evidence_persistence,7.869799999753013
975aa2f44fa02810,R1,principal,git_teste,inspect,evidence_persistence,8.242599986260757
975aa2f44fa02810,R1,principal,git_teste,inspect,evidence_persistence,10.335300001315773
975aa2f44fa02810,R1,principal,git_teste,inspect,evidence_persistence,9.088299993891269
975aa2f44fa02810,R1,principal,git_teste,inspect,integrity_check,11.019600002327934
975aa2f44fa02810,R1,principal,git_teste,inspect,integrity_check,35.80569999758154
975aa2f44fa02810,R1,principal,git_teste,inspect,integrity_check,145.89789998717606
975aa2f44fa02810,R1,principal,git_teste,inspect,integrity_check,10.03199999104254
975aa2f44fa02810,R1,principal,git_teste,inspect,integrity_check,10.225400008494034
975aa2f44fa02810,R1,principal,git_teste,record_assessment,assessment_persistence,8.0393000098411
975aa2f44fa02810,R2,principal,git_teste,inspect,dossier_build,1.6915000160224736
975aa2f44fa02810,R2,principal,git_teste,inspect,dossier_build,4.002600006060675
975aa2f44fa02810,R2,principal,git_teste,inspect,dossier_build,1.5019999991636723
975aa2f44fa02810,R2,principal,git_teste,inspect,dossier_build,1.3470000121742487
975aa2f44fa02810,R2,principal,git_teste,inspect,dossier_build,1.3931000139564276
975aa2f44fa02810,R2,principal,git_teste,inspect,evidence_persistence,7.401299983030185
975aa2f44fa02810,R2,principal,git_teste,inspect,evidence_persistence,9.572399983881041
975aa2f44fa02810,R2,principal,git_teste,inspect,evidence_persistence,8.072299999184906
975aa2f44fa02810,R2,principal,git_teste,inspect,evidence_persistence,7.719299988821149
975aa2f44fa02810,R2,principal,git_teste,inspect,evidence_persistence,7.295499992324039
975aa2f44fa02810,R2,principal,git_teste,inspect,integrity_check,17.756699991878122
975aa2f44fa02810,R2,principal,git_teste,inspect,integrity_check,122.17720001353882
975aa2f44fa02810,R2,principal,git_teste,inspect,integrity_check,8.61109999823384
975aa2f44fa02810,R2,principal,git_teste,inspect,integrity_check,8.62149999011308
975aa2f44fa02810,R2,principal,git_teste,inspect,integrity_check,9.565399988787249
975aa2f44fa02810,R2,principal,git_teste,record_assessment,assessment_persistence,5.483899993123487
ae7f8fd247957fee,R1,principal,git_teste,inspect,dossier_build,1.3973000168334693
ae7f8fd247957fee,R1,principal,git_teste,inspect,dossier_build,1.5782999980729073
ae7f8fd247957fee,R1,principal,git_teste,inspect,dossier_build,1.584399986313656
ae7f8fd247957fee,R1,principal,git_teste,inspect,dossier_build,5.311999993864447
ae7f8fd247957fee,R1,principal,git_teste,inspect,dossier_build,5.117100023198873
ae7f8fd247957fee,R1,principal,git_teste,inspect,evidence_persistence,7.659099996089935
ae7f8fd247957fee,R1,principal,git_teste,inspect,evidence_persistence,7.662199990591034
ae7f8fd247957fee,R1,principal,git_teste,inspect,evidence_persistence,9.912400011671707
ae7f8fd247957fee,R1,principal,git_teste,inspect,evidence_persistence,21.18109998991713
ae7f8fd247957fee,R1,principal,git_teste,inspect,evidence_persistence,11.6719999932684
ae7f8fd247957fee,R1,principal,git_teste,inspect,integrity_check,8.908599993446842
ae7f8fd247957fee,R1,principal,git_teste,inspect,integrity_check,9.417299996130168
ae7f8fd247957fee,R1,principal,git_teste,inspect,integrity_check,9.571600006893277
ae7f8fd247957fee,R1,principal,git_teste,inspect,integrity_check,42.72250001667999
ae7f8fd247957fee,R1,principal,git_teste,inspect,integrity_check,152.159399993252
ae7f8fd247957fee,R1,principal,git_teste,record_assessment,assessment_persistence,4.877200000919402
ae7f8fd247957fee,R2,principal,git_teste,inspect,dossier_build,1.6487000102642924
ae7f8fd247957fee,R2,principal,git_teste,inspect,dossier_build,4.1594000067561865
ae7f8fd247957fee,R2,principal,git_teste,inspect,dossier_build,1.4042000111658126
ae7f8fd247957fee,R2,principal,git_teste,inspect,dossier_build,1.949500001501292
ae7f8fd247957fee,R2,principal,git_teste,inspect,dossier_build,1.3793999969493598
ae7f8fd247957fee,R2,principal,git_teste,inspect,evidence_persistence,16.378200001781806
ae7f8fd247957fee,R2,principal,git_teste,inspect,evidence_persistence,9.091999992961064
ae7f8fd247957fee,R2,principal,git_teste,inspect,evidence_persistence,7.292299997061491
ae7f8fd247957fee,R2,principal,git_teste,inspect,evidence_persistence,9.464099974138662
ae7f8fd247957fee,R2,principal,git_teste,inspect,evidence_persistence,7.729400007519871
ae7f8fd247957fee,R2,principal,git_teste,inspect,integrity_check,10.33429999370128
ae7f8fd247957fee,R2,principal,git_teste,inspect,integrity_check,136.5654999972321
ae7f8fd247957fee,R2,principal,git_teste,inspect,integrity_check,9.306299994932488
ae7f8fd247957fee,R2,principal,git_teste,inspect,integrity_check,21.199800015892833
ae7f8fd247957fee,R2,principal,git_teste,inspect,integrity_check,8.68369999807328
ae7f8fd247957fee,R2,principal,git_teste,record_assessment,assessment_persistence,5.102900002384558
c2f79153c20b2493,R1,principal,filesystem_teste,inspect,dossier_build,256.4105000055861
c2f79153c20b2493,R1,principal,filesystem_teste,inspect,dossier_build,231.66419999324717
c2f79153c20b2493,R1,principal,filesystem_teste,inspect,dossier_build,238.78750001313165
c2f79153c20b2493,R1,principal,filesystem_teste,inspect,dossier_build,243.12570001347922
c2f79153c20b2493,R1,principal,filesystem_teste,inspect,dossier_build,249.61030000122264
c2f79153c20b2493,R1,principal,filesystem_teste,inspect,evidence_persistence,10.687600006349385
c2f79153c20b2493,R1,principal,filesystem_teste,inspect,evidence_persistence,10.857999994186684
c2f79153c20b2493,R1,principal,filesystem_teste,inspect,evidence_persistence,10.341799992602319
c2f79153c20b2493,R1,principal,filesystem_teste,inspect,evidence_persistence,9.63479999336414
c2f79153c20b2493,R1,principal,filesystem_teste,inspect,evidence_persistence,26.130600017495453
c2f79153c20b2493,R1,principal,filesystem_teste,inspect,integrity_check,33989.92910000379
c2f79153c20b2493,R1,principal,filesystem_teste,inspect,integrity_check,2386.450000019977
c2f79153c20b2493,R1,principal,filesystem_teste,inspect,integrity_check,2348.1665999861434
c2f79153c20b2493,R1,principal,filesystem_teste,inspect,integrity_check,2162.4240999808535
c2f79153c20b2493,R1,principal,filesystem_teste,inspect,integrity_check,7759.6222999854945
c2f79153c20b2493,R1,principal,filesystem_teste,record_assessment,assessment_persistence,5.810600006952882
c2f79153c20b2493,R2,principal,filesystem_teste,inspect,dossier_build,249.1736999945715
c2f79153c20b2493,R2,principal,filesystem_teste,inspect,dossier_build,257.3935000109486
c2f79153c20b2493,R2,principal,filesystem_teste,inspect,dossier_build,236.00350000197068
c2f79153c20b2493,R2,principal,filesystem_teste,inspect,dossier_build,274.90879999822937
c2f79153c20b2493,R2,principal,filesystem_teste,inspect,dossier_build,235.73049998958595
c2f79153c20b2493,R2,principal,filesystem_teste,inspect,evidence_persistence,10.670200019376352
c2f79153c20b2493,R2,principal,filesystem_teste,inspect,evidence_persistence,10.372999997343868
c2f79153c20b2493,R2,principal,filesystem_teste,inspect,evidence_persistence,10.861899994779378
c2f79153c20b2493,R2,principal,filesystem_teste,inspect,evidence_persistence,12.163299979874864
c2f79153c20b2493,R2,principal,filesystem_teste,inspect,evidence_persistence,11.129100021207705
c2f79153c20b2493,R2,principal,filesystem_teste,inspect,integrity_check,2187.8491999814287
c2f79153c20b2493,R2,principal,filesystem_teste,inspect,integrity_check,8177.263199992012
c2f79153c20b2493,R2,principal,filesystem_teste,inspect,integrity_check,2163.356200006092
c2f79153c20b2493,R2,principal,filesystem_teste,inspect,integrity_check,32368.4281000169
c2f79153c20b2493,R2,principal,filesystem_teste,inspect,integrity_check,2106.0776000085752
c2f79153c20b2493,R2,principal,filesystem_teste,record_assessment,assessment_persistence,5.650700011756271
c5aa3fd4876486a3,R1,principal,donna_teste,inspect,dossier_build,2.958199998829514
c5aa3fd4876486a3,R1,principal,donna_teste,inspect,dossier_build,2.7203999925404787
c5aa3fd4876486a3,R1,principal,donna_teste,inspect,dossier_build,3.0051000067032874
c5aa3fd4876486a3,R1,principal,donna_teste,inspect,dossier_build,4.694900009781122
c5aa3fd4876486a3,R1,principal,donna_teste,inspect,dossier_build,5.94859998091124
c5aa3fd4876486a3,R1,principal,donna_teste,inspect,evidence_persistence,9.964299999410287
c5aa3fd4876486a3,R1,principal,donna_teste,inspect,evidence_persistence,9.273100004065782
c5aa3fd4876486a3,R1,principal,donna_teste,inspect,evidence_persistence,8.895400009350851
c5aa3fd4876486a3,R1,principal,donna_teste,inspect,evidence_persistence,29.496199975255877
c5aa3fd4876486a3,R1,principal,donna_teste,inspect,evidence_persistence,34.56600001663901
c5aa3fd4876486a3,R1,principal,donna_teste,inspect,integrity_check,13.236900005722418
c5aa3fd4876486a3,R1,principal,donna_teste,inspect,integrity_check,12.87219999358058
c5aa3fd4876486a3,R1,principal,donna_teste,inspect,integrity_check,12.156999990111217
c5aa3fd4876486a3,R1,principal,donna_teste,inspect,integrity_check,40.971500013256446
c5aa3fd4876486a3,R1,principal,donna_teste,inspect,integrity_check,379.57059999462217
c5aa3fd4876486a3,R1,principal,donna_teste,record_assessment,assessment_persistence,5.872200010344386
c5aa3fd4876486a3,R2,principal,donna_teste,inspect,dossier_build,3.4700999967753887
c5aa3fd4876486a3,R2,principal,donna_teste,inspect,dossier_build,4.591000004438683
c5aa3fd4876486a3,R2,principal,donna_teste,inspect,dossier_build,2.781300019705668
c5aa3fd4876486a3,R2,principal,donna_teste,inspect,dossier_build,2.816099993651733
c5aa3fd4876486a3,R2,principal,donna_teste,inspect,dossier_build,6.0415000189095736
c5aa3fd4876486a3,R2,principal,donna_teste,inspect,evidence_persistence,15.4546000121627
c5aa3fd4876486a3,R2,principal,donna_teste,inspect,evidence_persistence,10.600299981888384
c5aa3fd4876486a3,R2,principal,donna_teste,inspect,evidence_persistence,8.892999991076067
c5aa3fd4876486a3,R2,principal,donna_teste,inspect,evidence_persistence,10.243099997751415
c5aa3fd4876486a3,R2,principal,donna_teste,inspect,evidence_persistence,28.223400004208088
c5aa3fd4876486a3,R2,principal,donna_teste,inspect,integrity_check,18.53470000787638
c5aa3fd4876486a3,R2,principal,donna_teste,inspect,integrity_check,213.52670001215301
c5aa3fd4876486a3,R2,principal,donna_teste,inspect,integrity_check,13.266599999042228
c5aa3fd4876486a3,R2,principal,donna_teste,inspect,integrity_check,13.234899990493432
c5aa3fd4876486a3,R2,principal,donna_teste,inspect,integrity_check,76.04200000059791
c5aa3fd4876486a3,R2,principal,donna_teste,record_assessment,assessment_persistence,4.958300007274374
c8c52a87db2a7512,R1,principal,git_teste,inspect,dossier_build,1.9694000075105578
c8c52a87db2a7512,R1,principal,git_teste,inspect,dossier_build,8.01839999621734
c8c52a87db2a7512,R1,principal,git_teste,inspect,dossier_build,2.1355999924708158
c8c52a87db2a7512,R1,principal,git_teste,inspect,dossier_build,2.3481999814976007
c8c52a87db2a7512,R1,principal,git_teste,inspect,dossier_build,3.4561000065878034
c8c52a87db2a7512,R1,principal,git_teste,inspect,evidence_persistence,7.1487000095658
c8c52a87db2a7512,R1,principal,git_teste,inspect,evidence_persistence,9.95500001590699
c8c52a87db2a7512,R1,principal,git_teste,inspect,evidence_persistence,9.209200012264773
c8c52a87db2a7512,R1,principal,git_teste,inspect,evidence_persistence,9.164899995084852
c8c52a87db2a7512,R1,principal,git_teste,inspect,evidence_persistence,12.930999975651503
c8c52a87db2a7512,R1,principal,git_teste,inspect,integrity_check,8.80229999893345
c8c52a87db2a7512,R1,principal,git_teste,inspect,integrity_check,705.2241999772377
c8c52a87db2a7512,R1,principal,git_teste,inspect,integrity_check,9.052799985511228
c8c52a87db2a7512,R1,principal,git_teste,inspect,integrity_check,13.329300010809675
c8c52a87db2a7512,R1,principal,git_teste,inspect,integrity_check,31.641600013244897
c8c52a87db2a7512,R1,principal,git_teste,record_assessment,assessment_persistence,6.717399985063821
c8c52a87db2a7512,R2,principal,git_teste,inspect,dossier_build,1.3918000040575862
c8c52a87db2a7512,R2,principal,git_teste,inspect,dossier_build,3.6265999951865524
c8c52a87db2a7512,R2,principal,git_teste,inspect,dossier_build,1.9981000223197043
c8c52a87db2a7512,R2,principal,git_teste,inspect,dossier_build,1.4580999850295484
c8c52a87db2a7512,R2,principal,git_teste,inspect,dossier_build,1.5252000011969358
c8c52a87db2a7512,R2,principal,git_teste,inspect,evidence_persistence,8.518799993908033
c8c52a87db2a7512,R2,principal,git_teste,inspect,evidence_persistence,7.654599990928546
c8c52a87db2a7512,R2,principal,git_teste,inspect,evidence_persistence,9.15179998264648
c8c52a87db2a7512,R2,principal,git_teste,inspect,evidence_persistence,7.442200003424659
c8c52a87db2a7512,R2,principal,git_teste,inspect,evidence_persistence,11.175399995408952
c8c52a87db2a7512,R2,principal,git_teste,inspect,integrity_check,9.236899990355596
c8c52a87db2a7512,R2,principal,git_teste,inspect,integrity_check,135.87709999410436
c8c52a87db2a7512,R2,principal,git_teste,inspect,integrity_check,21.224399999482557
c8c52a87db2a7512,R2,principal,git_teste,inspect,integrity_check,9.193600009893999
c8c52a87db2a7512,R2,principal,git_teste,inspect,integrity_check,9.281300008296967
c8c52a87db2a7512,R2,principal,git_teste,record_assessment,assessment_persistence,6.5608000149950385
cefe1931b1eae91c,R1,principal,git_teste,inspect,dossier_build,1.2990999966859818
cefe1931b1eae91c,R1,principal,git_teste,inspect,dossier_build,1.718199986498803
cefe1931b1eae91c,R1,principal,git_teste,inspect,dossier_build,1.4481999969575554
cefe1931b1eae91c,R1,principal,git_teste,inspect,dossier_build,1.5454000094905496
cefe1931b1eae91c,R1,principal,git_teste,inspect,dossier_build,3.1675000209361315
cefe1931b1eae91c,R1,principal,git_teste,inspect,evidence_persistence,7.354600005783141
cefe1931b1eae91c,R1,principal,git_teste,inspect,evidence_persistence,8.007100026588887
cefe1931b1eae91c,R1,principal,git_teste,inspect,evidence_persistence,7.813000003807247
cefe1931b1eae91c,R1,principal,git_teste,inspect,evidence_persistence,160.97739999531768
cefe1931b1eae91c,R1,principal,git_teste,inspect,evidence_persistence,7.832400006009266
cefe1931b1eae91c,R1,principal,git_teste,inspect,integrity_check,8.767799998167902
cefe1931b1eae91c,R1,principal,git_teste,inspect,integrity_check,19.07119998941198
cefe1931b1eae91c,R1,principal,git_teste,inspect,integrity_check,9.390999999595806
cefe1931b1eae91c,R1,principal,git_teste,inspect,integrity_check,9.804199973586947
cefe1931b1eae91c,R1,principal,git_teste,inspect,integrity_check,113.85859997244552
cefe1931b1eae91c,R1,principal,git_teste,record_assessment,assessment_persistence,5.938399990554899
cefe1931b1eae91c,R2,principal,git_teste,inspect,dossier_build,3.581500001018867
cefe1931b1eae91c,R2,principal,git_teste,inspect,dossier_build,1.4303000061772764
cefe1931b1eae91c,R2,principal,git_teste,inspect,dossier_build,1.790400012396276
cefe1931b1eae91c,R2,principal,git_teste,inspect,dossier_build,2.64030002290383
cefe1931b1eae91c,R2,principal,git_teste,inspect,dossier_build,1.9274999795015901
cefe1931b1eae91c,R2,principal,git_teste,inspect,evidence_persistence,7.574199989903718
cefe1931b1eae91c,R2,principal,git_teste,inspect,evidence_persistence,7.5450000003911555
cefe1931b1eae91c,R2,principal,git_teste,inspect,evidence_persistence,7.583999977214262
cefe1931b1eae91c,R2,principal,git_teste,inspect,evidence_persistence,9.984899981645867
cefe1931b1eae91c,R2,principal,git_teste,inspect,evidence_persistence,9.43650002591312
cefe1931b1eae91c,R2,principal,git_teste,inspect,integrity_check,115.56229999405332
cefe1931b1eae91c,R2,principal,git_teste,inspect,integrity_check,9.247399982996285
cefe1931b1eae91c,R2,principal,git_teste,inspect,integrity_check,20.98410000326112
cefe1931b1eae91c,R2,principal,git_teste,inspect,integrity_check,15.201499976683408
cefe1931b1eae91c,R2,principal,git_teste,inspect,integrity_check,15.006500005256385
cefe1931b1eae91c,R2,principal,git_teste,record_assessment,assessment_persistence,8.402600011322647
dc84f15029010199,R1,principal,filesystem_teste,inspect,dossier_build,272.3802000109572
dc84f15029010199,R1,principal,filesystem_teste,inspect,dossier_build,266.75589999649674
dc84f15029010199,R1,principal,filesystem_teste,inspect,dossier_build,251.36080000083894
dc84f15029010199,R1,principal,filesystem_teste,inspect,dossier_build,243.42959999921732
dc84f15029010199,R1,principal,filesystem_teste,inspect,dossier_build,251.60279998090118
dc84f15029010199,R1,principal,filesystem_teste,inspect,evidence_persistence,13.565400004154071
dc84f15029010199,R1,principal,filesystem_teste,inspect,evidence_persistence,13.006199995288625
dc84f15029010199,R1,principal,filesystem_teste,inspect,evidence_persistence,13.163600000552833
dc84f15029010199,R1,principal,filesystem_teste,inspect,evidence_persistence,10.939100000541657
dc84f15029010199,R1,principal,filesystem_teste,inspect,evidence_persistence,10.337500018067658
dc84f15029010199,R1,principal,filesystem_teste,inspect,integrity_check,6845.653199998196
dc84f15029010199,R1,principal,filesystem_teste,inspect,integrity_check,36552.54380000406
dc84f15029010199,R1,principal,filesystem_teste,inspect,integrity_check,2209.2095999978483
dc84f15029010199,R1,principal,filesystem_teste,inspect,integrity_check,2171.9796000106726
dc84f15029010199,R1,principal,filesystem_teste,inspect,integrity_check,2283.365800016327
dc84f15029010199,R1,principal,filesystem_teste,record_assessment,assessment_persistence,5.614400026388466
dc84f15029010199,R2,principal,filesystem_teste,inspect,dossier_build,258.70810000924394
dc84f15029010199,R2,principal,filesystem_teste,inspect,dossier_build,245.8022000209894
dc84f15029010199,R2,principal,filesystem_teste,inspect,dossier_build,250.20739997853525
dc84f15029010199,R2,principal,filesystem_teste,inspect,dossier_build,253.51519999094307
dc84f15029010199,R2,principal,filesystem_teste,inspect,dossier_build,262.45200002449565
dc84f15029010199,R2,principal,filesystem_teste,inspect,evidence_persistence,10.764899983769283
dc84f15029010199,R2,principal,filesystem_teste,inspect,evidence_persistence,13.746499986154959
dc84f15029010199,R2,principal,filesystem_teste,inspect,evidence_persistence,10.674100019969046
dc84f15029010199,R2,principal,filesystem_teste,inspect,evidence_persistence,14.759299985598773
dc84f15029010199,R2,principal,filesystem_teste,inspect,evidence_persistence,10.409999988041818
dc84f15029010199,R2,principal,filesystem_teste,inspect,integrity_check,38185.46000000788
dc84f15029010199,R2,principal,filesystem_teste,inspect,integrity_check,2156.540700001642
dc84f15029010199,R2,principal,filesystem_teste,inspect,integrity_check,2175.517299998319
dc84f15029010199,R2,principal,filesystem_teste,inspect,integrity_check,8260.731400019722
dc84f15029010199,R2,principal,filesystem_teste,inspect,integrity_check,2241.000999987591
dc84f15029010199,R2,principal,filesystem_teste,record_assessment,assessment_persistence,5.3653999930247664
e01fef9646f36e5f,R1,principal,donna_teste,inspect,dossier_build,2.055099990684539
e01fef9646f36e5f,R1,principal,donna_teste,inspect,dossier_build,4.160500015132129
e01fef9646f36e5f,R1,principal,donna_teste,inspect,dossier_build,1.9460000039543957
e01fef9646f36e5f,R1,principal,donna_teste,inspect,dossier_build,1.9864000205416232
e01fef9646f36e5f,R1,principal,donna_teste,inspect,dossier_build,2.3569999902974814
e01fef9646f36e5f,R1,principal,donna_teste,inspect,evidence_persistence,8.977999998023733
e01fef9646f36e5f,R1,principal,donna_teste,inspect,evidence_persistence,9.576199983712286
e01fef9646f36e5f,R1,principal,donna_teste,inspect,evidence_persistence,8.193799993023276
e01fef9646f36e5f,R1,principal,donna_teste,inspect,evidence_persistence,10.295099986251444
e01fef9646f36e5f,R1,principal,donna_teste,inspect,evidence_persistence,8.792500011622906
e01fef9646f36e5f,R1,principal,donna_teste,inspect,integrity_check,12.627499992959201
e01fef9646f36e5f,R1,principal,donna_teste,inspect,integrity_check,226.4376999810338
e01fef9646f36e5f,R1,principal,donna_teste,inspect,integrity_check,12.869700003648177
e01fef9646f36e5f,R1,principal,donna_teste,inspect,integrity_check,32.99849998438731
e01fef9646f36e5f,R1,principal,donna_teste,inspect,integrity_check,17.348499997751787
e01fef9646f36e5f,R1,principal,donna_teste,record_assessment,assessment_persistence,37.001100019551814
e01fef9646f36e5f,R2,principal,donna_teste,inspect,dossier_build,2.460199990309775
e01fef9646f36e5f,R2,principal,donna_teste,inspect,dossier_build,2.279099979205057
e01fef9646f36e5f,R2,principal,donna_teste,inspect,dossier_build,3.4747999743558466
e01fef9646f36e5f,R2,principal,donna_teste,inspect,dossier_build,2.169199986383319
e01fef9646f36e5f,R2,principal,donna_teste,inspect,dossier_build,4.251400008797646
e01fef9646f36e5f,R2,principal,donna_teste,inspect,evidence_persistence,9.898299991618842
e01fef9646f36e5f,R2,principal,donna_teste,inspect,evidence_persistence,8.539500006008893
e01fef9646f36e5f,R2,principal,donna_teste,inspect,evidence_persistence,13.139100017724559
e01fef9646f36e5f,R2,principal,donna_teste,inspect,evidence_persistence,14.345400006277487
e01fef9646f36e5f,R2,principal,donna_teste,inspect,evidence_persistence,10.55639999685809
e01fef9646f36e5f,R2,principal,donna_teste,inspect,integrity_check,14.874700020300224
e01fef9646f36e5f,R2,principal,donna_teste,inspect,integrity_check,13.343600003281608
e01fef9646f36e5f,R2,principal,donna_teste,inspect,integrity_check,41.67880001477897
e01fef9646f36e5f,R2,principal,donna_teste,inspect,integrity_check,13.35230001132004
e01fef9646f36e5f,R2,principal,donna_teste,inspect,integrity_check,219.19589999015443
e01fef9646f36e5f,R2,principal,donna_teste,record_assessment,assessment_persistence,5.717099993489683
e9aee36656eebf69,R1,principal,filesystem_teste,inspect,dossier_build,247.30909999925643
e9aee36656eebf69,R1,principal,filesystem_teste,inspect,dossier_build,248.8722000271082
e9aee36656eebf69,R1,principal,filesystem_teste,inspect,dossier_build,269.97739999205805
e9aee36656eebf69,R1,principal,filesystem_teste,inspect,dossier_build,245.67279999610037
e9aee36656eebf69,R1,principal,filesystem_teste,inspect,dossier_build,237.2484999941662
e9aee36656eebf69,R1,principal,filesystem_teste,inspect,evidence_persistence,10.38910000352189
e9aee36656eebf69,R1,principal,filesystem_teste,inspect,evidence_persistence,10.696899989852682
e9aee36656eebf69,R1,principal,filesystem_teste,inspect,evidence_persistence,11.959700001170859
e9aee36656eebf69,R1,principal,filesystem_teste,inspect,evidence_persistence,16.2830000044778
e9aee36656eebf69,R1,principal,filesystem_teste,inspect,evidence_persistence,9.60520000080578
e9aee36656eebf69,R1,principal,filesystem_teste,inspect,integrity_check,2134.823200001847
e9aee36656eebf69,R1,principal,filesystem_teste,inspect,integrity_check,2139.034099993296
e9aee36656eebf69,R1,principal,filesystem_teste,inspect,integrity_check,34422.16370001552
e9aee36656eebf69,R1,principal,filesystem_teste,inspect,integrity_check,7600.425400014501
e9aee36656eebf69,R1,principal,filesystem_teste,inspect,integrity_check,2090.4014999978244
e9aee36656eebf69,R1,principal,filesystem_teste,record_assessment,assessment_persistence,5.842900020070374
e9aee36656eebf69,R2,principal,filesystem_teste,inspect,dossier_build,264.44850000552833
e9aee36656eebf69,R2,principal,filesystem_teste,inspect,dossier_build,261.6594999853987
e9aee36656eebf69,R2,principal,filesystem_teste,inspect,dossier_build,251.10910000512376
e9aee36656eebf69,R2,principal,filesystem_teste,inspect,dossier_build,254.46450000163168
e9aee36656eebf69,R2,principal,filesystem_teste,inspect,dossier_build,269.44050000747666
e9aee36656eebf69,R2,principal,filesystem_teste,inspect,evidence_persistence,11.574900010600686
e9aee36656eebf69,R2,principal,filesystem_teste,inspect,evidence_persistence,9.995600004913285
e9aee36656eebf69,R2,principal,filesystem_teste,inspect,evidence_persistence,11.204799986444414
e9aee36656eebf69,R2,principal,filesystem_teste,inspect,evidence_persistence,10.83799998741597
e9aee36656eebf69,R2,principal,filesystem_teste,inspect,evidence_persistence,11.423499992815778
e9aee36656eebf69,R2,principal,filesystem_teste,inspect,integrity_check,2181.6681000054814
e9aee36656eebf69,R2,principal,filesystem_teste,inspect,integrity_check,36535.81270002178
e9aee36656eebf69,R2,principal,filesystem_teste,inspect,integrity_check,7336.326899996493
e9aee36656eebf69,R2,principal,filesystem_teste,inspect,integrity_check,2501.951799989911
e9aee36656eebf69,R2,principal,filesystem_teste,inspect,integrity_check,3364.8880000109784
e9aee36656eebf69,R2,principal,filesystem_teste,record_assessment,assessment_persistence,5.224699998507276
f4e0fd3b44d7240d,R1,principal,donna_teste,inspect,dossier_build,2.3862999805714935
f4e0fd3b44d7240d,R1,principal,donna_teste,inspect,dossier_build,3.4244999988004565
f4e0fd3b44d7240d,R1,principal,donna_teste,inspect,dossier_build,2.32320002396591
f4e0fd3b44d7240d,R1,principal,donna_teste,inspect,dossier_build,2.5295999948866665
f4e0fd3b44d7240d,R1,principal,donna_teste,inspect,dossier_build,5.514099990250543
f4e0fd3b44d7240d,R1,principal,donna_teste,inspect,evidence_persistence,8.67480001761578
f4e0fd3b44d7240d,R1,principal,donna_teste,inspect,evidence_persistence,10.952199983876199
f4e0fd3b44d7240d,R1,principal,donna_teste,inspect,evidence_persistence,9.185599978081882
f4e0fd3b44d7240d,R1,principal,donna_teste,inspect,evidence_persistence,10.705799999414012
f4e0fd3b44d7240d,R1,principal,donna_teste,inspect,evidence_persistence,15.191600017715245
f4e0fd3b44d7240d,R1,principal,donna_teste,inspect,integrity_check,12.68860002164729
f4e0fd3b44d7240d,R1,principal,donna_teste,inspect,integrity_check,37.42800001055002
f4e0fd3b44d7240d,R1,principal,donna_teste,inspect,integrity_check,13.144399999873713
f4e0fd3b44d7240d,R1,principal,donna_teste,inspect,integrity_check,13.537200022256002
f4e0fd3b44d7240d,R1,principal,donna_teste,inspect,integrity_check,664.2489999940153
f4e0fd3b44d7240d,R1,principal,donna_teste,record_assessment,assessment_persistence,5.410299985669553
f4e0fd3b44d7240d,R2,principal,donna_teste,inspect,dossier_build,2.274099999340251
f4e0fd3b44d7240d,R2,principal,donna_teste,inspect,dossier_build,2.493100007995963
f4e0fd3b44d7240d,R2,principal,donna_teste,inspect,dossier_build,2.7057999977841973
f4e0fd3b44d7240d,R2,principal,donna_teste,inspect,dossier_build,4.182300006505102
f4e0fd3b44d7240d,R2,principal,donna_teste,inspect,dossier_build,2.2342000156641006
f4e0fd3b44d7240d,R2,principal,donna_teste,inspect,evidence_persistence,8.717899996554479
f4e0fd3b44d7240d,R2,principal,donna_teste,inspect,evidence_persistence,8.120799990138039
f4e0fd3b44d7240d,R2,principal,donna_teste,inspect,evidence_persistence,9.314999973867089
f4e0fd3b44d7240d,R2,principal,donna_teste,inspect,evidence_persistence,11.490999982925132
f4e0fd3b44d7240d,R2,principal,donna_teste,inspect,evidence_persistence,11.740499990992248
f4e0fd3b44d7240d,R2,principal,donna_teste,inspect,integrity_check,12.773499998729676
f4e0fd3b44d7240d,R2,principal,donna_teste,inspect,integrity_check,12.842900003306568
f4e0fd3b44d7240d,R2,principal,donna_teste,inspect,integrity_check,31.93130000727251
f4e0fd3b44d7240d,R2,principal,donna_teste,inspect,integrity_check,130.55659999372438
f4e0fd3b44d7240d,R2,principal,donna_teste,inspect,integrity_check,12.940099986735731
f4e0fd3b44d7240d,R2,principal,donna_teste,record_assessment,assessment_persistence,5.26119998539798
f4e0fd3b44d7240d,R3,diagnostico,donna_teste,inspect,dossier_build,2.4599000171292573
f4e0fd3b44d7240d,R3,diagnostico,donna_teste,inspect,dossier_build,2.663400024175644
f4e0fd3b44d7240d,R3,diagnostico,donna_teste,inspect,dossier_build,25.89270001044497
f4e0fd3b44d7240d,R3,diagnostico,donna_teste,inspect,dossier_build,2.4810000031720847
f4e0fd3b44d7240d,R3,diagnostico,donna_teste,inspect,dossier_build,7.210099982330576
f4e0fd3b44d7240d,R3,diagnostico,donna_teste,inspect,evidence_persistence,9.046499995747581
f4e0fd3b44d7240d,R3,diagnostico,donna_teste,inspect,evidence_persistence,8.761399978538975
f4e0fd3b44d7240d,R3,diagnostico,donna_teste,inspect,evidence_persistence,239.3531999841798
f4e0fd3b44d7240d,R3,diagnostico,donna_teste,inspect,evidence_persistence,213.09430000837892
f4e0fd3b44d7240d,R3,diagnostico,donna_teste,inspect,evidence_persistence,22.879800002556294
f4e0fd3b44d7240d,R3,diagnostico,donna_teste,inspect,integrity_check,13.020699989283457
f4e0fd3b44d7240d,R3,diagnostico,donna_teste,inspect,integrity_check,13.822299981256947
f4e0fd3b44d7240d,R3,diagnostico,donna_teste,inspect,integrity_check,535.8153999841306
f4e0fd3b44d7240d,R3,diagnostico,donna_teste,inspect,integrity_check,12.65129999956116
f4e0fd3b44d7240d,R3,diagnostico,donna_teste,inspect,integrity_check,282.9010000277776
f4e0fd3b44d7240d,R3,diagnostico,donna_teste,record_assessment,assessment_persistence,6.24489999609068
f9b41f0a37bf7a8e,R1,principal,git_teste,inspect,dossier_build,19.095600000582635
f9b41f0a37bf7a8e,R1,principal,git_teste,inspect,dossier_build,4.558099986752495
f9b41f0a37bf7a8e,R1,principal,git_teste,inspect,dossier_build,1.6315999964717776
f9b41f0a37bf7a8e,R1,principal,git_teste,inspect,dossier_build,1.5363999991677701
f9b41f0a37bf7a8e,R1,principal,git_teste,inspect,dossier_build,1.6092999721877277
f9b41f0a37bf7a8e,R1,principal,git_teste,inspect,evidence_persistence,149.89770000101998
f9b41f0a37bf7a8e,R1,principal,git_teste,inspect,evidence_persistence,24.517200014088303
f9b41f0a37bf7a8e,R1,principal,git_teste,inspect,evidence_persistence,11.77589999861084
f9b41f0a37bf7a8e,R1,principal,git_teste,inspect,evidence_persistence,7.574799994472414
f9b41f0a37bf7a8e,R1,principal,git_teste,inspect,evidence_persistence,139.81190000777133
f9b41f0a37bf7a8e,R1,principal,git_teste,inspect,integrity_check,84.33549999608658
f9b41f0a37bf7a8e,R1,principal,git_teste,inspect,integrity_check,576.8687000090722
f9b41f0a37bf7a8e,R1,principal,git_teste,inspect,integrity_check,8.8333000021521
f9b41f0a37bf7a8e,R1,principal,git_teste,inspect,integrity_check,9.538699989207089
f9b41f0a37bf7a8e,R1,principal,git_teste,inspect,integrity_check,9.329400025308132
f9b41f0a37bf7a8e,R1,principal,git_teste,record_assessment,assessment_persistence,6.506600009743124
f9b41f0a37bf7a8e,R2,principal,git_teste,inspect,dossier_build,33.566300000529736
f9b41f0a37bf7a8e,R2,principal,git_teste,inspect,dossier_build,11.1816999851726
f9b41f0a37bf7a8e,R2,principal,git_teste,inspect,dossier_build,1.540499972179532
f9b41f0a37bf7a8e,R2,principal,git_teste,inspect,evidence_persistence,208.01080000819638
f9b41f0a37bf7a8e,R2,principal,git_teste,inspect,evidence_persistence,8.698800025740638
f9b41f0a37bf7a8e,R2,principal,git_teste,inspect,evidence_persistence,256.9099000247661
f9b41f0a37bf7a8e,R2,principal,git_teste,inspect,integrity_check,212.64289997634478
f9b41f0a37bf7a8e,R2,principal,git_teste,inspect,integrity_check,127.7956000121776
f9b41f0a37bf7a8e,R2,principal,git_teste,inspect,integrity_check,13.094300025841221
f9b41f0a37bf7a8e,R3,diagnostico,git_teste,inspect,dossier_build,1.9096000178251415
f9b41f0a37bf7a8e,R3,diagnostico,git_teste,inspect,dossier_build,1.491400005761534
f9b41f0a37bf7a8e,R3,diagnostico,git_teste,inspect,dossier_build,3.577499999664724
f9b41f0a37bf7a8e,R3,diagnostico,git_teste,inspect,dossier_build,2.3392000002786517
f9b41f0a37bf7a8e,R3,diagnostico,git_teste,inspect,dossier_build,1.693999976851046
f9b41f0a37bf7a8e,R3,diagnostico,git_teste,inspect,evidence_persistence,8.94739999785088
f9b41f0a37bf7a8e,R3,diagnostico,git_teste,inspect,evidence_persistence,7.360999996308237
f9b41f0a37bf7a8e,R3,diagnostico,git_teste,inspect,evidence_persistence,8.25100002111867
f9b41f0a37bf7a8e,R3,diagnostico,git_teste,inspect,evidence_persistence,7.9144000192172825
f9b41f0a37bf7a8e,R3,diagnostico,git_teste,inspect,evidence_persistence,7.8295000130310655
f9b41f0a37bf7a8e,R3,diagnostico,git_teste,inspect,integrity_check,10.95339999301359
f9b41f0a37bf7a8e,R3,diagnostico,git_teste,inspect,integrity_check,9.21119999838993
f9b41f0a37bf7a8e,R3,diagnostico,git_teste,inspect,integrity_check,148.6727999872528
f9b41f0a37bf7a8e,R3,diagnostico,git_teste,inspect,integrity_check,24.94279999518767
f9b41f0a37bf7a8e,R3,diagnostico,git_teste,inspect,integrity_check,8.836900000460446
f9b41f0a37bf7a8e,R3,diagnostico,git_teste,record_assessment,assessment_persistence,5.07299997843802
