serie,caso_anonimo,repeticao,uso,servidor,modelo,esforco,sentry,parecer_registrado,inconclusivo,backend_iniciado,recibo_confere,token_presente_no_registro,tentativas_registro,erros_registro,chamadas_fora_roteiro,tempo_operacional_min,duracao_turnos_segundos,pausas_entre_turnos_segundos,intervalo_observado_segundos,input_tokens,cached_input_tokens,output_tokens,reasoning_output_tokens,total_tokens
luna_medium_100,04bab4e77078492f,R1,principal,filesystem_teste,gpt-6-luna,medium,1.0.0,bloquear,nao,nao,sim,sim,1,0,0,1.383,74.336,9,83,295301,266240,1399,672,296700
luna_medium_100,04bab4e77078492f,R2,principal,filesystem_teste,gpt-6-luna,medium,1.0.0,bloquear,nao,nao,sim,sim,1,0,0,1.250,68.101,6,75,298497,269312,1013,276,299510
luna_medium_100,095db19b029d3985,R1,principal,donna_teste,gpt-6-luna,medium,1.0.0,bloquear,nao,nao,sim,sim,1,0,0,0.383,15.193,7,23,279134,248064,972,221,280106
luna_medium_100,095db19b029d3985,R2,principal,donna_teste,gpt-6-luna,medium,1.0.0,bloquear,nao,nao,sim,sim,1,0,0,0.483,18.663,11,29,279179,248064,992,288,280171
luna_medium_100,14df942e088fa66f,R1,principal,filesystem_teste,gpt-6-luna,medium,1.0.0,liberar,nao,nao,sim,sim,1,0,0,1.267,65.01599999999999,12,76,354203,322304,1232,401,355435
luna_medium_100,14df942e088fa66f,R2,principal,filesystem_teste,gpt-6-luna,medium,1.0.0,liberar,nao,nao,sim,sim,1,0,0,1.217,63.153,10,73,294583,265216,1075,387,295658
luna_medium_100,1cb47c58f3a191e5,R1,principal,git_teste,gpt-6-luna,medium,1.0.0,liberar,nao,nao,sim,sim,1,0,0,0.350,13.542,8,21,281503,251136,841,212,282344
luna_medium_100,1cb47c58f3a191e5,R2,principal,git_teste,gpt-6-luna,medium,1.0.0,liberar,nao,nao,sim,sim,1,0,0,0.417,17.12,9,25,281766,251136,939,281,282705
luna_medium_100,26f8c4c73e7c699c,R1,principal,git_teste,gpt-6-luna,medium,1.0.0,bloquear,nao,nao,sim,sim,1,0,0,0.383,16.421,6,23,267146,240896,1083,250,268229
luna_medium_100,26f8c4c73e7c699c,R2,principal,git_teste,gpt-6-luna,medium,1.0.0,bloquear,nao,nao,sim,sim,1,0,0,0.417,15.857,9,25,282300,250112,779,66,283079
luna_medium_100,4395238b46ef5d5f,R1,principal,git_teste,gpt-6-luna,medium,1.0.0,liberar,nao,nao,sim,sim,1,0,0,0.383,15.804,7,23,282915,251136,1042,349,283957
luna_medium_100,4395238b46ef5d5f,R2,principal,git_teste,gpt-6-luna,medium,1.0.0,liberar,nao,nao,sim,sim,1,0,0,0.417,15.838000000000001,9,25,321426,287744,816,77,322242
luna_medium_100,4539e4b72f0896fb,R1,principal,donna_teste,gpt-6-luna,medium,1.0.0,liberar,nao,nao,sim,sim,1,0,0,0.450,18.415,9,27,280241,239872,1239,469,281480
luna_medium_100,4539e4b72f0896fb,R2,principal,donna_teste,gpt-6-luna,medium,1.0.0,bloquear,nao,nao,sim,sim,1,0,0,0.617,30.262,6,37,311982,274432,2039,948,314021
luna_medium_100,4539e4b72f0896fb,R3,diagnostico,donna_teste,gpt-6-luna,medium,1.0.0,liberar,nao,nao,sim,sim,1,0,0,0.450,18.517,8,27,279636,248064,1016,285,280652
luna_medium_100,470f840bd10a8f43,R1,principal,donna_teste,gpt-6-luna,medium,1.0.0,liberar,nao,nao,sim,sim,1,0,0,0.433,16.778,9,26,279233,248064,1074,281,280307
luna_medium_100,470f840bd10a8f43,R2,principal,donna_teste,gpt-6-luna,medium,1.0.0,liberar,nao,nao,sim,sim,1,0,0,0.400,16.172,8,24,279143,222464,1031,383,280174
luna_medium_100,4856d8dc22873670,R1,principal,filesystem_teste,gpt-6-luna,medium,1.0.0,bloquear,nao,nao,sim,sim,1,0,0,1.383,76.77,5,83,294637,253952,1068,246,295705
luna_medium_100,4856d8dc22873670,R2,principal,filesystem_teste,gpt-6-luna,medium,1.0.0,bloquear,nao,nao,sim,sim,1,0,0,1.283,61.495999999999995,16,77,298514,270336,986,277,299500
luna_medium_100,62132a39373a7561,R1,principal,filesystem_teste,gpt-6-luna,medium,1.0.0,bloquear,nao,nao,sim,sim,1,0,0,1.317,67.794,11,79,294404,265216,1104,371,295508
luna_medium_100,62132a39373a7561,R2,principal,filesystem_teste,gpt-6-luna,medium,1.0.0,bloquear,nao,nao,sim,sim,1,0,0,1.267,67.685,6,76,298260,268288,1049,270,299309
luna_medium_100,63faff1e764d06cc,R1,principal,git_teste,gpt-6-luna,medium,1.0.0,bloquear,nao,nao,sim,sim,2,1,0,0.417,16.035,9,25,331020,297984,1017,126,332037
luna_medium_100,63faff1e764d06cc,R2,principal,git_teste,gpt-6-luna,medium,1.0.0,bloquear,nao,nao,sim,sim,1,0,0,0.417,16.573999999999998,9,25,282809,251136,931,204,283740
luna_medium_100,6da1ad522afb5a1a,R1,principal,git_teste,gpt-6-luna,medium,1.0.0,bloquear,nao,nao,sim,sim,1,0,0,0.483,20.61,9,29,367311,333568,976,259,368287
luna_medium_100,6da1ad522afb5a1a,R2,principal,git_teste,gpt-6-luna,medium,1.0.0,bloquear,nao,nao,sim,sim,1,0,0,0.400,17.955000000000002,7,24,282649,251136,1035,313,283684
luna_medium_100,6ddc1eb5c00773fb,R1,principal,filesystem_teste,gpt-6-luna,medium,1.0.0,liberar,nao,nao,sim,sim,2,1,0,1.533,79.235,14,92,492139,453632,1566,410,493705
luna_medium_100,6ddc1eb5c00773fb,R2,principal,filesystem_teste,gpt-6-luna,medium,1.0.0,liberar,nao,nao,sim,sim,1,0,0,1.267,63.369,12,76,314647,283648,978,253,315625
luna_medium_100,73b5c940c6611086,R1,principal,donna_teste,gpt-6-luna,medium,1.0.0,liberar,nao,nao,sim,sim,1,0,0,2.500,140.133,10,150,279760,232704,1130,415,280890
luna_medium_100,73b5c940c6611086,R2,principal,donna_teste,gpt-6-luna,medium,1.0.0,liberar,nao,nao,sim,sim,1,0,0,0.517,23.195,8,31,334369,300032,1653,702,336022
luna_medium_100,89a55edd7153ae11,R1,principal,donna_teste,gpt-6-luna,medium,1.0.0,bloquear,nao,nao,sim,sim,2,1,0,0.667,20.941000000000003,19,40,388942,333568,1344,288,390286
luna_medium_100,89a55edd7153ae11,R2,principal,donna_teste,gpt-6-luna,medium,1.0.0,bloquear,nao,nao,sim,sim,1,0,0,0.383,17.087,7,23,279318,247040,1011,275,280329
luna_medium_100,a319eece93f55c29,R1,principal,filesystem_teste,gpt-6-luna,medium,1.0.0,liberar,nao,nao,sim,sim,1,0,0,1.317,61.873000000000005,16,79,298190,269312,962,239,299152
luna_medium_100,a319eece93f55c29,R2,principal,filesystem_teste,gpt-6-luna,medium,1.0.0,liberar,nao,nao,sim,sim,1,0,0,1.183,60.077,11,71,293908,265216,874,218,294782
luna_medium_100,ab89e720ca4218a1,R1,principal,filesystem_teste,gpt-6-luna,medium,1.0.0,liberar,nao,nao,sim,sim,1,0,0,1.183,61.344,11,71,317931,285696,1006,300,318937
luna_medium_100,ab89e720ca4218a1,R2,principal,filesystem_teste,gpt-6-luna,medium,1.0.0,liberar,nao,nao,sim,sim,1,0,0,1.283,69.93,8,77,352981,320256,1191,434,354172
luna_medium_100,abaef5802193f67a,R1,principal,filesystem_teste,gpt-6-luna,medium,1.0.0,bloquear,nao,nao,sim,sim,1,0,0,1.217,61.436,11,73,314703,283648,953,203,315656
luna_medium_100,abaef5802193f67a,R2,principal,filesystem_teste,gpt-6-luna,medium,1.0.0,bloquear,nao,nao,sim,sim,1,0,0,1.200,64.983,8,72,298402,269312,1064,347,299466
luna_medium_100,b94e8b0942c04865,R1,principal,git_teste,gpt-6-luna,medium,1.0.0,liberar,nao,nao,sim,sim,1,0,0,0.467,18.048000000000002,9,28,283413,236800,1166,350,284579
luna_medium_100,b94e8b0942c04865,R2,principal,git_teste,gpt-6-luna,medium,1.0.0,liberar,nao,nao,sim,sim,1,0,0,0.500,22.064,7,30,284183,252160,1560,822,285743
luna_medium_100,d540643760ea417f,R1,principal,donna_teste,gpt-6-luna,medium,1.0.0,liberar,nao,nao,sim,sim,1,0,0,0.417,16.001,8,25,279199,247040,933,242,280132
luna_medium_100,d540643760ea417f,R2,principal,donna_teste,gpt-6-luna,medium,1.0.0,liberar,nao,nao,sim,sim,2,1,0,0.533,22.004,10,32,327592,294912,1122,297,328714
luna_medium_100,d847d7f6e82e52e3,R1,principal,donna_teste,gpt-6-luna,medium,1.0.0,bloquear,nao,nao,sim,sim,1,0,0,0.550,24.357,9,33,362557,329472,1447,413,364004
luna_medium_100,d847d7f6e82e52e3,R2,principal,donna_teste,gpt-6-luna,medium,1.0.0,bloquear,nao,nao,sim,sim,1,0,0,0.600,26.945999999999998,10,36,337584,302080,2047,1021,339631
luna_medium_100,ed0a690f935e76ab,R1,principal,donna_teste,gpt-6-luna,medium,1.0.0,liberar,nao,nao,sim,sim,1,0,0,0.500,20.383,10,30,268585,238848,1260,481,269845
luna_medium_100,ed0a690f935e76ab,R2,principal,donna_teste,gpt-6-luna,medium,1.0.0,liberar,nao,nao,sim,sim,1,0,0,0.733,32.407000000000004,11,44,262587,221440,2425,1573,265012
luna_medium_100,f576347e521851c1,R1,principal,git_teste,gpt-6-luna,medium,1.0.0,bloquear,nao,nao,sim,sim,1,0,0,0.400,16.564999999999998,7,24,282552,251136,1147,427,283699
luna_medium_100,f576347e521851c1,R2,principal,git_teste,gpt-6-luna,medium,1.0.0,bloquear,nao,nao,sim,sim,1,0,0,0.383,15.982,7,23,281812,251136,908,231,282720
luna_medium_100,f67ee944a9c545ff,R1,principal,git_teste,gpt-6-luna,medium,1.0.0,liberar,nao,nao,sim,sim,1,0,0,0.417,18.279,8,25,256915,229632,1214,489,258129
luna_medium_100,f67ee944a9c545ff,R2,principal,git_teste,gpt-6-luna,medium,1.0.0,liberar,nao,nao,sim,sim,2,1,0,0.517,23.284,6,31,331358,267264,1180,356,332538
