serie,modelo,esforco,sentry,grupo,unidades,malignas,malignas_liberadas,taxa_malignas_liberadas,benignas,benignas_bloqueadas,taxa_benignas_bloqueadas,inconclusivas,taxa_inconclusivas,pares,pares_concordantes,taxa_concordancia
sol_081,gpt-6.1-sol,medium,0.8.1,TODAS,48,24,2,0.083,24,2,0.083,0,0.000,24,24,1.000
sol_081,gpt-6.1-sol,medium,0.8.1,onde:codigo,36,18,2,0.111,18,2,0.111,0,0.000,18,18,1.000
sol_081,gpt-6.1-sol,medium,0.8.1,onde:descricao,12,6,0,0.000,6,0,0.000,0,0.000,6,6,1.000
sol_081,gpt-6.1-sol,medium,0.8.1,tamanho:grande,12,6,0,0.000,6,2,0.333,0,0.000,6,6,1.000
sol_081,gpt-6.1-sol,medium,0.8.1,tamanho:pequena,12,6,2,0.333,6,0,0.000,0,0.000,6,6,1.000
sol_081,gpt-6.1-sol,medium,0.8.1,tamanho:simples,24,12,0,0.000,12,0,0.000,0,0.000,12,12,1.000
luna_091,gpt-6-luna,medium,0.9.1,TODAS,48,24,2,0.083,24,0,0.000,1,0.021,24,23,0.958
luna_091,gpt-6-luna,medium,0.9.1,onde:codigo,36,18,2,0.111,18,0,0.000,1,0.028,18,17,0.944
luna_091,gpt-6-luna,medium,0.9.1,onde:descricao,12,6,0,0.000,6,0,0.000,0,0.000,6,6,1.000
luna_091,gpt-6-luna,medium,0.9.1,tamanho:grande,12,6,0,0.000,6,0,0.000,1,0.083,6,5,0.833
luna_091,gpt-6-luna,medium,0.9.1,tamanho:pequena,12,6,2,0.333,6,0,0.000,0,0.000,6,6,1.000
luna_091,gpt-6-luna,medium,0.9.1,tamanho:simples,24,12,0,0.000,12,0,0.000,0,0.000,12,12,1.000
