caso_anonimo,repeticao,uso,servidor,turno,input_tokens,cached_input_tokens,cache_write_input_tokens,output_tokens,reasoning_output_tokens,total_tokens,input_sem_cache,fonte_tokens,duracao_segundos,primeiro_token_ms,mcp_chamadas,mcp_erros
062e197b68966913,R1,principal,filesystem_teste,1,137766,119808,0,405,197,138171,17958,turn_token_usage,38.727,2016,1,0
062e197b68966913,R1,principal,filesystem_teste,2,84055,73216,0,844,596,84899,10839,turn_token_usage,19.989,1504,1,0
062e197b68966913,R1,principal,filesystem_teste,3,96325,92672,0,730,392,97055,3653,turn_token_usage,14.147,4392,1,0
062e197b68966913,R2,principal,filesystem_teste,1,130319,114688,0,391,187,130710,15631,turn_token_usage,39.272,2759,1,0
062e197b68966913,R2,principal,filesystem_teste,2,78854,68096,0,622,429,79476,10758,turn_token_usage,16.705,1296,1,0
062e197b68966913,R2,principal,filesystem_teste,3,90373,87552,0,455,147,90828,2821,turn_token_usage,11.083,2119,1,0
09e581b5ef7b154a,R1,principal,git_teste,1,101354,84224,0,378,182,101732,17130,turn_token_usage,7.505,2540,1,0
09e581b5ef7b154a,R1,principal,git_teste,2,84960,73216,0,790,561,85750,11744,turn_token_usage,9.734,1768,1,0
09e581b5ef7b154a,R1,principal,git_teste,3,97634,94720,0,534,208,98168,2914,turn_token_usage,7.336,2439,1,0
09e581b5ef7b154a,R2,principal,git_teste,1,101343,79104,0,328,153,101671,22239,turn_token_usage,6.571,1964,1,0
09e581b5ef7b154a,R2,principal,git_teste,2,84827,73216,0,620,420,85447,11611,turn_token_usage,9.128,2126,1,0
09e581b5ef7b154a,R2,principal,git_teste,3,97061,94720,0,449,190,97510,2341,turn_token_usage,6.066,2367,1,0
110e80a03daebd08,R1,principal,git_teste,1,183440,160512,0,546,262,183986,22928,turn_token_usage,11.614,3686,1,0
110e80a03daebd08,R1,principal,git_teste,2,90898,79360,0,757,522,91655,11538,turn_token_usage,9.416,2093,1,0
110e80a03daebd08,R1,principal,git_teste,3,103456,100864,0,476,123,103932,2592,turn_token_usage,5.948,1620,1,0
110e80a03daebd08,R2,principal,git_teste,1,101322,84224,0,353,157,101675,17098,turn_token_usage,7.366,2406,1,0
110e80a03daebd08,R2,principal,git_teste,2,84707,73216,0,581,329,85288,11491,turn_token_usage,7.172,1367,1,0
110e80a03daebd08,R2,principal,git_teste,3,96908,93696,0,509,185,97417,3212,turn_token_usage,7.195,2463,1,0
1527d051375a1069,R1,principal,filesystem_teste,1,128599,96256,0,373,157,128972,32343,turn_token_usage,43.748,2369,1,0
1527d051375a1069,R1,principal,filesystem_teste,2,77727,67072,0,833,548,78560,10655,turn_token_usage,19.337,1617,1,0
1527d051375a1069,R1,principal,filesystem_teste,3,89678,86528,0,361,63,90039,3150,turn_token_usage,10.939,1958,1,0
1527d051375a1069,R2,principal,filesystem_teste,1,174460,140032,0,441,190,174901,34428,turn_token_usage,47.197,3415,1,0
1527d051375a1069,R2,principal,filesystem_teste,2,83994,73216,0,862,622,84856,10778,turn_token_usage,18.567,1380,1,0
1527d051375a1069,R2,principal,filesystem_teste,3,95994,92672,0,385,94,96379,3322,turn_token_usage,10.496,2183,1,0
214db0e2f608e36f,R1,principal,filesystem_teste,1,128594,112640,0,345,131,128939,15954,turn_token_usage,40.722,2075,1,0
214db0e2f608e36f,R1,principal,filesystem_teste,2,77614,67072,0,585,394,78199,10542,turn_token_usage,15.188,1275,1,0
214db0e2f608e36f,R1,principal,filesystem_teste,3,133823,130304,0,576,205,134399,3519,turn_token_usage,12.295,1870,2,1
214db0e2f608e36f,R2,principal,filesystem_teste,1,128698,113664,0,419,209,129117,15034,turn_token_usage,46.683,5366,1,0
214db0e2f608e36f,R2,principal,filesystem_teste,2,77777,67072,0,899,682,78676,10705,turn_token_usage,17.624,1536,1,0
214db0e2f608e36f,R2,principal,filesystem_teste,3,89681,86528,0,423,157,90104,3153,turn_token_usage,10.496,2183,1,0
24b318d72b28fb4c,R1,principal,git_teste,1,101391,84224,0,384,189,101775,17167,turn_token_usage,7.823,2411,1,0
24b318d72b28fb4c,R1,principal,git_teste,2,85085,73216,0,440,204,85525,11869,turn_token_usage,6.059,1824,1,0
24b318d72b28fb4c,R1,principal,git_teste,3,97239,94720,0,370,81,97609,2519,turn_token_usage,5.237,1889,1,0
24b318d72b28fb4c,R2,principal,git_teste,1,101329,84224,0,389,185,101718,17105,turn_token_usage,7.745,2538,1,0
24b318d72b28fb4c,R2,principal,git_teste,2,85066,73216,0,496,263,85562,11850,turn_token_usage,7.119,1616,1,0
24b318d72b28fb4c,R2,principal,git_teste,3,97277,94720,0,357,90,97634,2557,turn_token_usage,5.52,2157,1,0
30c046bf0a05cfde,R1,principal,donna_teste,1,93563,80128,0,348,132,93911,13435,turn_token_usage,9.189,3503,1,0
30c046bf0a05cfde,R1,principal,donna_teste,2,77356,65024,0,714,441,78070,12332,turn_token_usage,7.978,1631,1,0
30c046bf0a05cfde,R1,principal,donna_teste,3,90231,86528,0,428,82,90659,3703,turn_token_usage,4.999,1517,1,0
30c046bf0a05cfde,R2,principal,donna_teste,1,100216,83200,0,380,181,100596,17016,turn_token_usage,7.226,2122,1,0
30c046bf0a05cfde,R2,principal,donna_teste,2,83998,72192,0,945,738,84943,11806,turn_token_usage,12.362,1443,1,0
30c046bf0a05cfde,R2,principal,donna_teste,3,97253,94720,0,425,117,97678,2533,turn_token_usage,5.866,2334,1,0
31c8667c09a7046b,R1,principal,donna_teste,1,93551,80128,0,311,107,93862,13423,turn_token_usage,6.24,1854,1,0
31c8667c09a7046b,R1,principal,donna_teste,2,77091,65024,0,894,711,77985,12067,turn_token_usage,11.103,1525,1,0
31c8667c09a7046b,R1,principal,donna_teste,3,90154,86528,0,548,253,90702,3626,turn_token_usage,7.452,3423,1,0
31c8667c09a7046b,R2,principal,donna_teste,1,188039,164608,0,471,178,188510,23431,turn_token_usage,9.792,2152,1,0
31c8667c09a7046b,R2,principal,donna_teste,2,136476,123136,0,754,535,137230,13340,turn_token_usage,11.987,1576,1,0
31c8667c09a7046b,R2,principal,donna_teste,3,161796,156928,0,766,454,162562,4868,turn_token_usage,10.268,2035,1,0
4c549b67cebc35f3,R1,principal,git_teste,1,101390,84224,0,372,171,101762,17166,turn_token_usage,6.79,2374,1,0
4c549b67cebc35f3,R1,principal,git_teste,2,85141,73216,0,926,663,86067,11925,turn_token_usage,12.394,2281,1,0
4c549b67cebc35f3,R1,principal,git_teste,3,98459,94720,0,530,174,98989,3739,turn_token_usage,6.861,1944,1,0
4c549b67cebc35f3,R2,principal,git_teste,1,101437,84224,0,416,210,101853,17213,turn_token_usage,7.411,2764,1,0
4c549b67cebc35f3,R2,principal,git_teste,2,85257,73216,0,1585,1329,86842,12041,turn_token_usage,17.318,1848,1,0
4c549b67cebc35f3,R2,principal,git_teste,3,99862,95744,0,560,222,100422,4118,turn_token_usage,6.752,2457,1,0
4c549b67cebc35f3,R3,diagnostico,git_teste,1,101330,84224,0,367,155,101697,17106,turn_token_usage,8.488,2989,1,0
4c549b67cebc35f3,R3,diagnostico,git_teste,2,85100,73216,0,1192,952,86292,11884,turn_token_usage,13.824,1357,1,0
4c549b67cebc35f3,R3,diagnostico,git_teste,3,98938,94720,0,607,269,99545,4218,turn_token_usage,7.44,2788,1,0
5826dcf2376a31db,R1,principal,donna_teste,1,100209,83200,0,370,157,100579,17009,turn_token_usage,7.337,2506,1,0
5826dcf2376a31db,R1,principal,donna_teste,2,84036,72192,0,762,530,84798,11844,turn_token_usage,9.089,1740,1,0
5826dcf2376a31db,R1,principal,donna_teste,3,96927,93696,0,438,122,97365,3231,turn_token_usage,6.941,2236,1,0
5826dcf2376a31db,R2,principal,donna_teste,1,100181,83200,0,307,99,100488,16981,turn_token_usage,7.618,3660,1,0
5826dcf2376a31db,R2,principal,donna_teste,2,133794,119040,0,1093,710,134887,14754,turn_token_usage,13.752,2153,2,0
5826dcf2376a31db,R2,principal,donna_teste,3,153893,149760,0,749,316,154642,4133,turn_token_usage,9.221,3636,2,0
7584c0f616a7e70a,R1,principal,donna_teste,1,93546,68864,0,317,107,93863,24682,turn_token_usage,6.402,2475,1,0
7584c0f616a7e70a,R1,principal,donna_teste,2,77204,65024,0,998,735,78202,12180,turn_token_usage,11.085,1250,1,0
7584c0f616a7e70a,R1,principal,donna_teste,3,90531,86528,0,462,133,90993,4003,turn_token_usage,7.407,2169,1,0
7584c0f616a7e70a,R2,principal,donna_teste,1,93534,80128,0,336,137,93870,13406,turn_token_usage,8.824,2677,1,0
7584c0f616a7e70a,R2,principal,donna_teste,2,77260,65024,0,762,549,78022,12236,turn_token_usage,10.094,2159,1,0
7584c0f616a7e70a,R2,principal,donna_teste,3,90009,86528,0,361,83,90370,3481,turn_token_usage,5.244,1927,1,0
7adbf6a5e6df3630,R1,principal,git_teste,1,101413,68864,0,425,215,101838,32549,turn_token_usage,7.481,2196,1,0
7adbf6a5e6df3630,R1,principal,git_teste,2,84981,73216,0,693,483,85674,11765,turn_token_usage,9.134,1699,1,0
7adbf6a5e6df3630,R1,principal,git_teste,3,97307,94720,0,346,70,97653,2587,turn_token_usage,5.057,1759,1,0
7adbf6a5e6df3630,R2,principal,git_teste,1,101361,84224,0,305,125,101666,17137,turn_token_usage,5.778,2245,1,0
7adbf6a5e6df3630,R2,principal,git_teste,2,84696,73216,0,468,254,85164,11480,turn_token_usage,5.992,1355,1,0
7adbf6a5e6df3630,R2,principal,git_teste,3,96612,93696,0,340,51,96952,2916,turn_token_usage,5.38,1694,1,0
821dc2bb9e71beca,R1,principal,git_teste,1,101316,84224,0,348,164,101664,17092,turn_token_usage,6.665,2112,1,0
821dc2bb9e71beca,R1,principal,git_teste,2,85022,73216,0,707,424,85729,11806,turn_token_usage,9.033,1670,1,0
821dc2bb9e71beca,R1,principal,git_teste,3,97668,94720,0,407,123,98075,2948,turn_token_usage,5.488,1844,1,0
821dc2bb9e71beca,R2,principal,git_teste,1,101316,84224,0,294,103,101610,17092,turn_token_usage,6.346,2336,1,0
821dc2bb9e71beca,R2,principal,git_teste,2,84893,73216,0,710,402,85603,11677,turn_token_usage,8.517,1362,1,0
821dc2bb9e71beca,R2,principal,git_teste,3,97687,94720,0,489,156,98176,2967,turn_token_usage,6.13,1753,1,0
882be7e9c9e5ac7d,R1,principal,filesystem_teste,1,133048,116736,0,462,238,133510,16312,turn_token_usage,40.091,2914,1,0
882be7e9c9e5ac7d,R1,principal,filesystem_teste,2,80808,70144,0,718,511,81526,10664,turn_token_usage,18.271,1699,1,0
882be7e9c9e5ac7d,R1,principal,filesystem_teste,3,92398,89600,0,437,175,92835,2798,turn_token_usage,10.736,2285,1,0
882be7e9c9e5ac7d,R2,principal,filesystem_teste,1,130264,114688,0,364,134,130628,15576,turn_token_usage,38.566,2084,1,0
882be7e9c9e5ac7d,R2,principal,filesystem_teste,2,78762,68096,0,586,363,79348,10666,turn_token_usage,15.71,1731,1,0
882be7e9c9e5ac7d,R2,principal,filesystem_teste,3,90248,87552,0,562,236,90810,2696,turn_token_usage,11.415,2391,1,0
8ece3ce069524416,R1,principal,donna_teste,1,100207,78080,0,331,113,100538,22127,turn_token_usage,7.59,3164,1,0
8ece3ce069524416,R1,principal,donna_teste,2,135034,119040,0,1554,1067,136588,15994,turn_token_usage,18.109,1155,2,0
8ece3ce069524416,R1,principal,donna_teste,3,105555,101888,0,562,194,106117,3667,turn_token_usage,8.767,3554,1,0
8ece3ce069524416,R2,principal,donna_teste,1,93611,80128,0,387,180,93998,13483,turn_token_usage,7.233,2296,1,0
8ece3ce069524416,R2,principal,donna_teste,2,77633,65024,0,1162,830,78795,12609,turn_token_usage,13.315,1450,1,0
8ece3ce069524416,R2,principal,donna_teste,3,91715,88576,0,543,205,92258,3139,turn_token_usage,7.02,2988,1,0
b709f1f9836c86ee,R1,principal,filesystem_teste,1,128516,112640,0,316,103,128832,15876,turn_token_usage,39.082,2724,1,0
b709f1f9836c86ee,R1,principal,filesystem_teste,2,77564,67072,0,574,355,78138,10492,turn_token_usage,16.343,1521,1,0
b709f1f9836c86ee,R1,principal,filesystem_teste,3,88885,86528,0,416,132,89301,2357,turn_token_usage,10.786,2030,1,0
b709f1f9836c86ee,R2,principal,filesystem_teste,1,174660,156416,0,493,244,175153,18244,turn_token_usage,41.084,2721,1,0
b709f1f9836c86ee,R2,principal,filesystem_teste,2,84248,73216,0,765,551,85013,11032,turn_token_usage,16.748,1328,1,0
b709f1f9836c86ee,R2,principal,filesystem_teste,3,96005,92672,0,454,168,96459,3333,turn_token_usage,9.819,1634,1,0
bba4f9b760f2c3f2,R1,principal,filesystem_teste,1,128656,113664,0,355,150,129011,14992,turn_token_usage,39.371,2426,1,0
bba4f9b760f2c3f2,R1,principal,filesystem_teste,2,77750,67072,0,473,258,78223,10678,turn_token_usage,15.133,1865,1,0
bba4f9b760f2c3f2,R1,principal,filesystem_teste,3,88971,86528,0,430,144,89401,2443,turn_token_usage,10.479,1866,1,0
bba4f9b760f2c3f2,R2,principal,filesystem_teste,1,174727,156416,0,427,145,175154,18311,turn_token_usage,41.461,2763,1,0
bba4f9b760f2c3f2,R2,principal,filesystem_teste,2,84261,73216,0,581,339,84842,11045,turn_token_usage,16.693,1502,1,0
bba4f9b760f2c3f2,R2,principal,filesystem_teste,3,95705,92672,0,385,92,96090,3033,turn_token_usage,10.568,2350,1,0
bc4c8adfda833393,R1,principal,donna_teste,1,93546,80128,0,293,87,93839,13418,turn_token_usage,6.248,1960,1,0
bc4c8adfda833393,R1,principal,donna_teste,2,77078,53760,0,476,270,77554,23318,turn_token_usage,6.55,1174,1,0
bc4c8adfda833393,R1,principal,donna_teste,3,89257,86528,0,380,70,89637,2729,turn_token_usage,5.094,1652,1,0
bc4c8adfda833393,R2,principal,donna_teste,1,93574,80128,0,320,112,93894,13446,turn_token_usage,6.111,1939,1,0
bc4c8adfda833393,R2,principal,donna_teste,2,77139,65024,0,658,398,77797,12115,turn_token_usage,7.923,1422,1,0
bc4c8adfda833393,R2,principal,donna_teste,3,89737,86528,0,417,70,90154,3209,turn_token_usage,5.252,1852,1,0
c1e70a2e7ff623c1,R1,principal,donna_teste,1,93600,80128,0,391,176,93991,13472,turn_token_usage,7.036,2670,1,0
c1e70a2e7ff623c1,R1,principal,donna_teste,2,77243,65024,0,655,417,77898,12219,turn_token_usage,7.432,1354,1,0
c1e70a2e7ff623c1,R1,principal,donna_teste,3,89737,86528,0,433,139,90170,3209,turn_token_usage,5.416,2421,1,0
c1e70a2e7ff623c1,R2,principal,donna_teste,1,189318,160512,0,477,150,189795,28806,turn_token_usage,12.889,3906,1,0
c1e70a2e7ff623c1,R2,principal,donna_teste,2,192028,176128,0,1036,581,193064,15900,turn_token_usage,13.478,1344,2,0
c1e70a2e7ff623c1,R2,principal,donna_teste,3,168293,164096,0,707,323,169000,4197,turn_token_usage,9.296,1775,1,0
c96527c12d4c7f27,R1,principal,git_teste,1,101396,84224,0,345,165,101741,17172,turn_token_usage,6.68,2306,1,0
c96527c12d4c7f27,R1,principal,git_teste,2,84650,73216,0,449,230,85099,11434,turn_token_usage,6.803,1255,1,0
c96527c12d4c7f27,R1,principal,git_teste,3,96416,93696,0,393,109,96809,2720,turn_token_usage,5.355,2212,1,0
c96527c12d4c7f27,R2,principal,git_teste,1,180394,143104,0,441,162,180835,37290,turn_token_usage,9.961,2604,1,0
c96527c12d4c7f27,R2,principal,git_teste,2,88696,77312,0,512,312,89208,11384,turn_token_usage,7.163,1657,1,0
c96527c12d4c7f27,R2,principal,git_teste,3,100613,97792,0,614,308,101227,2821,turn_token_usage,8.356,1928,1,0
d887bd75fe66a78d,R1,principal,filesystem_teste,1,130486,109568,0,457,240,130943,20918,turn_token_usage,39.863,2571,1,0
d887bd75fe66a78d,R1,principal,filesystem_teste,2,79038,59904,0,788,568,79826,19134,turn_token_usage,17.939,1487,1,0
d887bd75fe66a78d,R1,principal,filesystem_teste,3,90876,87552,0,417,129,91293,3324,turn_token_usage,10.672,2567,1,0
d887bd75fe66a78d,R2,principal,filesystem_teste,1,128602,112640,0,348,145,128950,15962,turn_token_usage,39.003,2768,1,0
d887bd75fe66a78d,R2,principal,filesystem_teste,2,77678,67072,0,694,464,78372,10606,turn_token_usage,17.546,1435,1,0
d887bd75fe66a78d,R2,principal,filesystem_teste,3,89391,86528,0,448,134,89839,2863,turn_token_usage,11.292,2129,1,0
dad3623eb3ef186c,R1,principal,git_teste,1,101348,84224,0,390,186,101738,17124,turn_token_usage,7.989,2870,1,0
dad3623eb3ef186c,R1,principal,git_teste,2,85046,73216,0,595,378,85641,11830,turn_token_usage,8.501,1820,1,0
dad3623eb3ef186c,R1,principal,git_teste,3,97414,94720,0,408,119,97822,2694,turn_token_usage,5.662,2337,1,0
dad3623eb3ef186c,R2,principal,git_teste,1,101376,68864,0,343,162,101719,32512,turn_token_usage,6.755,2733,1,0
dad3623eb3ef186c,R2,principal,git_teste,2,84939,73216,0,624,397,85563,11723,turn_token_usage,8.255,1397,1,0
dad3623eb3ef186c,R2,principal,git_teste,3,97337,94720,0,550,292,97887,2617,turn_token_usage,6.515,2385,1,0
df674ba305636ad3,R1,principal,donna_teste,1,100212,83200,0,369,132,100581,17012,turn_token_usage,6.897,2209,1,0
df674ba305636ad3,R1,principal,donna_teste,2,83856,57856,0,1108,845,84964,26000,turn_token_usage,13.303,1371,1,0
df674ba305636ad3,R1,principal,donna_teste,3,97298,94720,0,428,121,97726,2578,turn_token_usage,6.088,1926,1,0
df674ba305636ad3,R2,principal,donna_teste,1,100170,83200,0,299,97,100469,16970,turn_token_usage,6.484,2032,1,0
df674ba305636ad3,R2,principal,donna_teste,2,83736,72192,0,610,335,84346,11544,turn_token_usage,7.982,1272,1,0
df674ba305636ad3,R2,principal,donna_teste,3,96142,92672,0,512,211,96654,3470,turn_token_usage,7.016,2014,1,0
fb8bcd0d42881c6a,R1,principal,filesystem_teste,1,174697,156416,0,411,164,175108,18281,turn_token_usage,47.457,2438,1,0
fb8bcd0d42881c6a,R1,principal,filesystem_teste,2,84093,73216,0,715,475,84808,10877,turn_token_usage,17.217,1995,1,0
fb8bcd0d42881c6a,R1,principal,filesystem_teste,3,95841,92672,0,449,147,96290,3169,turn_token_usage,10.13,1751,1,0
fb8bcd0d42881c6a,R2,principal,filesystem_teste,1,130321,114688,0,361,136,130682,15633,turn_token_usage,40.231,2421,1,0
fb8bcd0d42881c6a,R2,principal,filesystem_teste,2,78768,68096,0,783,514,79551,10672,turn_token_usage,18.9,1090,1,0
fb8bcd0d42881c6a,R2,principal,filesystem_teste,3,90588,87552,0,379,77,90967,3036,turn_token_usage,9.708,1741,1,0
